,지점,도로명주소,latlon
0,강릉교동점,강원 강릉시 교동광장로 115,"(37.7650597, 128.8741939)"
1,강릉대학로점,강원 강릉시 신대학길 19,"(37.7534976, 128.8959466)"
2,강릉입암점,강원 강릉시 용지로 23,"(37.7616867, 128.9020587)"
3,강릉포남점,강원 강릉시 하평길 37,"(37.7703491, 128.9124981)"
4,원주단구점,강원 원주시 남원로534번길 14,"(37.3307725, 127.9481213)"
5,원주무실점,강원 원주시 능라동길 48,"(37.3343769, 127.9303926)"
6,더블유시티점,강원 원주시 서원대로 171,"(37.3446431, 127.9307831)"
7,원주중앙로점,강원 원주시 중앙로 94,"(37.3479093, 127.9530356)"
8,원주기업도시점,강원 원주시 지정면 신지정로,"(37.3768797, 127.8705625)"
9,원주혁신도시점,강원 원주시 혁신로 61,"(37.33453, 127.9841388)"
10,춘천명동점,강원 춘천시 금강로 59,"(37.8779662, 127.7299928)"
11,강원대점,강원 춘천시 서부대성로 231-1,"(37.8760999, 127.7752864)"
12,춘천온의점,강원 춘천시 춘천로17번길 31,"(37.8664939, 127.7208886)"
13,춘천석사점,강원 춘천시 퇴계농공로 12,"(37.84903, 127.7438527)"
14,춘천석사점,강원 춘천시 퇴계농공로,"(37.84903, 127.7438527)"
15,춘천후평점,강원 춘천시 후석로 298-1,"(37.8560014, 127.7390216)"
16,홍천점,강원 홍천군 홍천읍 신장대로,"(37.6910336, 127.887728)"
17,횡성점,강원 횡성군 횡성읍 문정로,"(37.489008, 127.9878167)"
18,스타필드고양점,경기 고양시 덕양구 고양대로,"(37.6468814, 126.8945379)"
19,원흥역점,경기 고양시 덕양구 권율대로,"(37.6494819, 126.8739213)"
20,고양삼송점,경기 고양시 덕양구 권율대로,"(37.66368165, 126.8897948)"
21,고양향동점,경기 고양시 덕양구 꽃마을로,"(37.5990009, 126.8922509)"
22,고양원흥점,경기 고양시 덕양구 도래울로,"(37.6349523, 126.8724839)"
23,삼송역점,경기 고양시 덕양구 동송로,"(37.65269765, 126.8952176)"
24,고양행신점,경기 고양시 덕양구 중앙로,"(37.624066, 126.8352175)"
25,행신역점,경기 고양시 덕양구 충장로,"(37.6140067, 126.834463)"
26,고양동점,경기 고양시 덕양구 혜음로,"(37.7083059, 126.9020743)"
27,고양원당점,경기 고양시 덕양구 6,"(37.66321925, 126.8391902)"
28,화정로데오점,경기 고양시 덕양구 화신로260번길,"(37.63231005, 126.8324981)"
29,일산벨라시타점,경기 고양시 일산동구 강송로,"(37.6421823, 126.7925586)"
30,라페스타사거리점,경기 고양시 일산동구 무궁화로,"(37.6626275, 126.7683678)"
31,일산풍동점,경기 고양시 일산동구 숲속마을로,"(37.6674233, 126.8004773)"
32,일산식사점,경기 고양시 일산동구 45,"(37.6796636, 126.8149419)"
33,일산백마점,경기 고양시 일산동구 일산로,"(37.65710915, 126.7889638)"
34,정발산로점,경기 고양시 일산동구 정발산로,"(37.6566772, 126.7713377)"
35,웨스턴돔중앙점,경기 고양시 일산동구 정발산로,"(37.6551082, 126.7726709)"
36,백석역점,경기 고양시 일산동구 중앙로,"(37.64479425, 126.786392)"
37,마두역점,경기 고양시 일산동구 중앙로,"(37.65260835, 126.77817)"
38,일산차병원점,경기 고양시 일산동구 중앙로,"(37.65413715, 126.7757724)"
39,라페스타점,경기 고양시 일산동구 중앙로1275번길,"(37.6602356, 126.7698733)"
40,일산후곡점,경기 고양시 일산서구 일산로,"(37.6774845, 126.7676934)"
41,일산탄현점,경기 고양시 일산서구 일현로,"(37.6916843, 126.7635527)"
42,탄현제니스점,경기 고양시 일산서구 일현로,"(37.6992496, 126.7599927)"
43,주엽역점,경기 고양시 일산서구 중앙로,"(37.6698036, 126.7628576)"
44,대화역점,경기 고양시 일산서구 중앙로,"(37.6761455, 126.7460991)"
45,고양원마운트점,경기 고양시 일산서구 한류월드로,"(37.6650755, 126.7486293)"
46,과천점,경기 과천시 별양상가1로 25,"(37.42819723, 126.9926409)"
47,광명사거리역점,경기 광명시 광명로 897,"(37.40725, 126.85341)"
48,광명소하점,경기 광명시 금하로 464,"(37.4486669, 126.8839792)"
49,철산역점,경기 광명시 오리로856번길 7,"(37.4752523, 126.8687941)"
50,광명아브뉴프랑점,경기 광명시 일직동 513,"(37.419486, 126.8837827)"
51,광명하안점,경기 광명시 하안로 289,"(37.46161521, 126.8803754)"
52,곤지암점,경기 광주시 곤지암읍 곤지암로,"(37.350657, 127.336701)"
53,경기광주점,경기 광주시 중앙로 94,"(37.4326437, 127.2618819)"
54,광주태전점,경기 광주시 태봉로13번길 3,"(37.39038, 127.22346)"
55,구리인창점,경기 구리시 건원대로 42,"(37.60479224, 127.1402318)"
56,구리수택사거리점,경기 구리시 검배로 36,"(37.59807445, 127.1430801)"
57,구리역점,경기 구리시 경춘로 247,"(37.6018256, 127.1425288)"
58,구리갈매점,경기 구리시 산마루로 24,"(37.63110485, 127.1165648)"
59,구리수택점,경기 구리시 이문안로 70,"(37.59206857, 127.139018)"
60,구리토평점,경기 구리시 장자대로86번길 14-4,"(37.58709027, 127.1397568)"
61,금정역점,경기 군포시 군포로 739-1,"(37.37123497, 126.9431541)"
62,롯데피트인산본점,경기 군포시 번영로 485,"(37.35747354, 126.9309516)"
63,산본학원가점,경기 군포시 산본로 382,"(37.36425068, 126.9303972)"
64,산본점,경기 군포시 산본로323번길 20-17,"(37.35926744, 126.9310805)"
65,걸포북변역점,경기 김포시 걸포2로 21,"(37.63253595, 126.7048224)"
66,김포고촌점,경기 김포시 고촌읍 김포대로,"(37.60130625, 126.7707677)"
67,현대프리미엄아울렛김포점,경기 김포시 고촌읍 아라육로152번길,"(37.5973405, 126.7858089)"
68,김포운양점,경기 김포시 김포한강11로 288-24,"(37.6447694, 126.6960431)"
69,김포장기점,경기 김포시 김포한강4로 119,"(37.64432055, 126.6677039)"
70,김포구래역점,경기 김포시 김포한강4로 487,"(37.6394976, 126.6785769)"
71,김포라베니체점,경기 김포시 김포한강4로 8,"(37.6394976, 126.6785769)"
72,김포구래점,경기 김포시 김포한강9로76번길 21,"(37.6441379, 126.6268322)"
73,김포사우점,경기 김포시 사우중로 45,"(37.6192313, 126.7184181)"
74,김포감정점,경기 김포시 중봉로25번길 6,"(37.6265723, 126.6944796)"
75,김포통진점,경기 김포시 통진읍 조강로,"(37.6902178, 126.600535)"
76,김포풍무점,경기 김포시 풍무로 107,"(37.5975378, 126.7223256)"
77,평내호평역점,경기 남양주시 늘을2로 32,"(37.6556538, 127.2440774)"
78,남양주다산점,경기 남양주시 다산순환로 350,"(37.6269182, 127.1473828)"
79,현대프리미엄아울렛스페이스원점,경기 남양주시 다산순환로 50,"(37.615944, 127.1522248)"
80,별내북부점,경기 남양주시 덕송2로10번길 27-6,"(37.66700801, 127.1164476)"
81,남양주도농점,경기 남양주시 도농로 29,"(37.60841525, 127.1568246)"
82,별내미리내마을점,경기 남양주시 별내5로5번길 15,"(37.6503915, 127.1124753)"
83,남양주청학점,경기 남양주시 별내면 청학로중앙길,"(37.7093589, 127.1145528)"
84,남양주별내점,경기 남양주시 별내중앙로 84,"(37.6492326, 127.1213067)"
85,남양주덕소점,경기 남양주시 와부읍 덕소로,"(37.5873698, 127.2090858)"
86,남양주장현점,경기 남양주시 진접읍 장현로,"(37.7175314, 127.1808647)"
87,평내점,경기 남양주시 평내로29번길 49,"(37.6450323, 127.2348544)"
88,남양주화도점,경기 남양주시 화도읍 경춘로,"(37.6698089, 127.3738354)"
89,남양주마석점,경기 남양주시 화도읍 맷돌로91번길,"(37.6590466, 127.3018884)"
90,지행역점,경기 동두천시 지행로 49,"(37.89259238, 127.0527952)"
91,부천역남부점,경기 부천시 경인로 226,"(37.4872182, 126.8186215)"
92,부천타운,경기 부천시 길주로 105,"(37.5062601, 126.7541408)"
93,홈플러스부천상동점,경기 부천시 길주로 118,"(37.506556, 126.7401826)"
94,부천중동점,경기 부천시 길주로 267,"(37.506556, 126.7401826)"
95,롯데백화점중동점,경기 부천시 길주로 300,"(37.506556, 126.7401826)"
96,송내북부점,경기 부천시 부일로 223,"(37.4867576, 126.8142736)"
97,역곡역점,경기 부천시 부일로 729,"(37.4858534, 126.8107786)"
98,부천역사점,경기 부천시 부천로 지하,"(37.48448761, 126.7826673)"
99,부천심곡점,경기 부천시 부천로29번길 7,"(37.48694069, 126.7829957)"
100,부천북부점,경기 부천시 부천로9번길 28,"(37.48547091, 126.7814232)"
101,송내로데오점,경기 부천시 상일로94번길 34,"(37.49006283, 126.7525806)"
102,부천시청역점,경기 부천시 석천로 180,"(37.5033877, 126.7630403)"
103,홈플러스부천여월점,경기 부천시 소사로 663,"(37.4708667, 126.7958041)"
104,부천원종점,경기 부천시 소사로 759,"(37.4708667, 126.7958041)"
105,뉴코아부천점,경기 부천시 송내대로 239,"(37.4869082, 126.7533337)"
106,송내남부역점,경기 부천시 송내대로 35,"(37.4869082, 126.7533337)"
107,부천신중동점,경기 부천시 신흥로 201,"(37.50162998, 126.7762449)"
108,부천오정점,경기 부천시 오정로 250,"(37.5428181, 126.80931)"
109,스타필드시티부천점,경기 부천시 옥길로 1,"(37.46091072, 126.8133773)"
110,부천옥길점,경기 부천시 옥길로 124,"(37.46767621, 126.8231512)"
111,판교유스페이스점,경기 성남시 분당구 대왕판교로,"(37.4051928, 127.1031826)"
112,판교아브뉴프랑점,경기 성남시 분당구 동판교로177번길,"(37.39759869, 127.113761)"
113,2001아울렛분당점,경기 성남시 분당구 미금일로154번길,"(37.34897116, 127.1077844)"
114,판교알파리움점,경기 성남시 분당구 백현동,"(37.3934398, 127.109352)"
115,분당수내점,경기 성남시 분당구 백현로101번길,"(37.3770994, 127.1126207)"
116,분당서현점,경기 성남시 분당구 분당로53번길,"(37.38393415, 127.1223773)"
117,분당타운,경기 성남시 분당구 서현로210번길,"(37.38574984, 127.12415)"
118,분당미금역점,경기 성남시 분당구 성남대로,"(37.35076045, 127.1085406)"
119,미금역사거리점,경기 성남시 분당구 성남대로,"(37.35088897, 127.1092767)"
120,정자역점,경기 성남시 분당구 성남대로331번길,"(37.3653849, 127.1072015)"
121,오리역점,경기 성남시 분당구 성남대로43번길,"(37.3398843, 127.1077742)"
122,야탑광장점,경기 성남시 분당구 성남대로925번길,"(37.41217863, 127.1271975)"
123,분당야탑점,경기 성남시 분당구 성남대로926번길,"(37.41220636, 127.1297008)"
124,서판교점,경기 성남시 분당구 운중로,"(37.3908956, 127.0845108)"
125,판교도서관점,경기 성남시 분당구 운중로243번길,"(37.39073864, 127.0766602)"
126,분당아름마을점,경기 성남시 분당구 판교로,"(37.4032112, 127.1048255)"
127,분당서현로점,경기 성남시 분당구 황새울로359번길,"(37.38807472, 127.1233981)"
128,신흥역점,경기 성남시 수정구 산성대로,"(37.44056846, 127.145688)"
129,세이브존성남점,경기 성남시 수정구 산성대로,"(37.44371078, 127.1536237)"
130,가천대점,경기 성남시 수정구 성남대로,"(37.4420619, 127.1267072)"
131,성남수정점,경기 성남시 수정구 수정로,"(37.4614494, 127.1527455)"
132,태평역점,경기 성남시 수정구 수정로,"(37.4614494, 127.1527455)"
133,위례센터점,경기 성남시 수정구 위례광장로,"(37.4734822, 127.1410634)"
134,성남위례점,경기 성남시 수정구 위례동로,"(37.47305041, 127.1502425)"
135,단대오거리역점,경기 성남시 중원구 산성대로372번길,"(37.44516666, 127.1575165)"
136,성남타운,경기 성남시 중원구 성남대로,"(37.43195638, 127.1294391)"
137,수원금곡점,경기 수원시 권선구 금곡로,"(37.27468294, 126.9536719)"
138,수원호매실점,경기 수원시 권선구 금곡로102번길,"(37.27348661, 126.9417749)"
139,수원탑동점,경기 수원시 권선구 224-1,"(37.2567361, 126.9719715)"
140,수원터미널점,경기 수원시 권선구 덕영대로1201번길,"(0.0, 0.0)"
141,수원아이파크점,경기 수원시 권선구 동수원로177번길,"(0.0, 0.0)"
142,수원권선점,경기 수원시 권선구 동수원로242번길,"(0.0, 0.0)"
143,롯데몰수원점,경기 수원시 권선구 세화로,"(37.2641014, 126.9973705)"
144,수원엘포트몰점,경기 수원시 영통구 광교중앙로,"(37.28705455, 127.0577128)"
145,광교앨리웨이점,경기 수원시 영통구 80,"(0.0, 0.0)"
146,수원경기대점,경기 수원시 영통구 대학로,"(0.0, 0.0)"
147,광교아브뉴프랑점,경기 수원시 영통구 센트럴타운로,"(37.287908, 127.0582179)"
148,수원망포점,경기 수원시 영통구 영통로,"(37.2620433, 127.0769073)"
149,망포역점,경기 수원시 영통구 영통로,"(37.2451631, 127.0554064)"
150,수원영통점,경기 수원시 영통구 청명남로34번길,"(37.2527627, 127.075992)"
151,수원매탄점,경기 수원시 영통구 효원로,"(0.0, 0.0)"
152,수원장안구청사거리점,경기 수원시 장안구 경수대로,"(37.3090883, 126.9950347)"
153,홈플러스북수원점,경기 수원시 장안구 경수대로,"(37.3090883, 126.9950347)"
154,수원정자점,경기 수원시 장안구 대평로,"(37.2956413, 126.9934708)"
155,수원천천점,경기 수원시 장안구 만석로19번길,"(0.0, 0.0)"
156,수원성대점,경기 수원시 장안구 서부로,"(0.0, 0.0)"
157,수원시청역점,경기 수원시 팔달구 권광로,"(37.2643555, 127.0329137)"
158,수원타운,경기 수원시 팔달구 권광로,"(0.0, 0.0)"
159,동수원점,경기 수원시 팔달구 권광로,"(37.2689287, 127.0340987)"
160,수원AK역사점,경기 수원시 팔달구 덕영대로,"(0.0, 0.0)"
161,수원AK타운중앙점,경기 수원시 팔달구 덕영대로,"(0.0, 0.0)"
162,수원중앙점,경기 수원시 팔달구 매산로,"(37.2661663, 127.0009126)"
163,아주대점,경기 수원시 팔달구 아주로,"(0.0, 0.0)"
164,동수원사거리점,경기 수원시 팔달구 중부대로,"(0.0, 0.0)"
165,아주대삼거리점,경기 수원시 팔달구 중부대로,"(0.0, 0.0)"
166,홈플러스동수원점,경기 수원시 팔달구 효원로,"(37.2627048, 127.0301455)"
167,시흥대야점,경기 시흥시 비둘기공원7길 52,"(37.4450386, 126.7936569)"
168,배곧신도시점,경기 시흥시 서울대학로278번길 43-13,"(37.3692258, 126.7301742)"
169,시흥목감점,경기 시흥시 솔고개길 4-3,"(37.382618, 126.8615294)"
170,시흥신천점,경기 시흥시 수인로 3372,"(37.4411153, 126.7843308)"
171,시흥은계점,경기 시흥시 은계번영길 13,"(37.4363551, 126.8019742)"
172,시흥능곡점,경기 시흥시 장현능곡로 192,"(37.3726819, 126.7909524)"
173,시화점,경기 시흥시 중심상가3길 15-1,"(37.3443622, 126.7361553)"
174,시흥장곡점,경기 시흥시 진말로9번길 11,"(37.3782536, 126.7841902)"
175,안산점,경기 안산시 단원구 고잔2길,"(0.0, 0.0)"
176,영진상사(주)/씨제이올리브영안산중앙역점,경기 안산시 단원구 고잔2길,"(0.0, 0.0)"
177,안산중앙역점,경기 안산시 단원구 고잔2길,"(0.0, 0.0)"
178,안산초지점,경기 안산시 단원구 광덕1로,"(0.0, 0.0)"
179,안산고잔광장점,경기 안산시 단원구 광덕3로,"(0.0, 0.0)"
180,안산고잔점,경기 안산시 단원구 광덕대로,"(37.3111597, 126.8307747)"
181,씨제이올리브영(주)안산선부점,경기 안산시 단원구 선부광장1로,"(0.0, 0.0)"
182,안산선부점,경기 안산시 단원구 선부광장1로,"(0.0, 0.0)"
183,안산월피공원점,경기 안산시 상록구 예술광장로,"(0.0, 0.0)"
184,상록수역점,경기 안산시 상록구 용신로,"(0.0, 0.0)"
185,안산한대앞역점,경기 안산시 상록구 중보로,"(0.0, 0.0)"
186,홈플러스안산점,경기 안산시 상록구 충장로,"(37.2851315, 126.8562744)"
187,롯데마트안산점,경기 안산시 상록구 항가울로,"(37.2990584, 126.8453465)"
188,안성공도점,경기 안성시 공도읍 공도2로,"(0.0, 0.0)"
189,스타필드안성점,경기 안성시 공도읍 서동대로,"(37.0056719, 127.1853937)"
190,안성점,경기 안성시 중앙로 391,"(37.0065421, 127.274486)"
191,안양비산점,경기 안양시 동안구 관악대로,"(0.0, 0.0)"
192,뉴코아아울렛평촌점,경기 안양시 동안구 동안로,"(37.3892156, 126.9512141)"
193,안양동편점,경기 안양시 동안구 동편로,"(37.4052373, 126.971484)"
194,범계역사거리점,경기 안양시 동안구 시민대로,"(37.3917766, 126.9529681)"
195,평촌역사거리점,경기 안양시 동안구 시민대로,"(37.3917766, 126.9529681)"
196,평촌점,경기 안양시 동안구 평촌대로,"(37.384149, 126.9603561)"
197,범계타운,경기 안양시 동안구 평촌대로223번길,"(37.390504, 126.9535232)"
198,안양일번가지하상가점,경기 안양시 만안구 만안로,"(0.0, 0.0)"
199,안양사거리점,경기 안양시 만안구 안양로,"(0.0, 0.0)"
200,안양타운,경기 안양시 만안구 장내로149번길,"(0.0, 0.0)"
201,양주고읍점,경기 양주시 고읍남로 2,"(37.7898015, 127.0775307)"
202,양주옥정점,경기 양주시 옥정로 200,"(37.8347206, 127.0920007)"
203,LF스퀘어양주점,경기 양주시 평화로 1593,"(37.8312211, 127.0526749)"
204,양주덕정점,경기 양주시 회정로 135,"(0.0, 0.0)"
205,양평점,경기 양평군 양평읍 양근로,"(37.48942045, 127.4912163)"
206,여주중앙로점,경기 여주시 세종로14번길 18,"(0.0, 0.0)"
207,연천전곡점,경기 연천군 전곡읍 전곡로,"(38.0267735, 127.0677922)"
208,오산갈곶점,경기 오산시 경기대로 50,"(0.0, 0.0)"
209,오산점,경기 오산시 대원로 16,"(37.14626, 127.0766186)"
210,오산시청점/주식회사 썬뷰티,경기 오산시 121,"(37.15802205, 127.0794767)"
211,오산시청점,경기 오산시 121,"(37.15802205, 127.0794767)"
212,오산세교점,경기 오산시 수청로 193,"(37.1753384, 127.0567128)"
213,홈플러스오산점,경기 오산시 청학로 238,"(37.1583543, 127.0646085)"
214,강남대점,경기 용인시 기흥구 강남로,"(0.0, 0.0)"
215,용인구갈점,경기 용인시 기흥구 구갈로,"(37.2768496, 127.111252)"
216,용인구성점,경기 용인시 기흥구 구성로,"(37.2938861, 127.1205681)"
217,용인동백점,경기 용인시 기흥구 동백5로,"(37.2766283, 127.1515743)"
218,용인신갈점,경기 용인시 기흥구 신갈로58번길,"(37.2730266, 127.1095201)"
219,용인연원마을점,경기 용인시 기흥구 용구대로,"(0.0, 0.0)"
220,용인죽전점,경기 용인시 기흥구 죽전로,"(37.3204988, 127.1155571)"
221,AK기흥점,경기 용인시 기흥구 중부대로,"(0.0, 0.0)"
222,용인보라점,경기 용인시 기흥구 한보라2로,"(37.2438645, 127.1050914)"
223,용인흥덕점,경기 용인시 기흥구 흥덕2로87번길,"(0.0, 0.0)"
224,용인광교점,경기 용인시 수지구 광교중앙로,"(0.0, 0.0)"
225,용인상현점,경기 용인시 수지구 만현로,"(37.3109809, 127.0873997)"
226,롯데몰수지점,경기 용인시 수지구 성복2로,"(37.3124642, 127.0816814)"
227,용인동천역점,경기 용인시 수지구 신수로,"(37.3381417, 127.1013797)"
228,수지타운,경기 용인시 수지구 풍덕천로,"(37.32307685, 127.0951329)"
229,죽전중앙점,경기 용인시 수지구 현암로,"(37.331504, 127.109719)"
230,용인중앙점,경기 용인시 처인구 금령로,"(37.2350899, 127.2056062)"
231,용인한숲시티점,경기 용인시 처인구 남사읍,"(0.0, 0.0)"
232,용인역북점,경기 용인시 처인구 중부대로,"(37.226607, 127.2477947)"
233,에버랜드점,경기 용인시 처인구 포곡읍,"(37.2966869, 127.2129941)"
234,용인포곡점,경기 용인시 처인구 포곡읍,"(37.2638753, 127.2118611)"
235,의왕역점,경기 의왕시 부곡중앙남1길 2,"(0.0, 0.0)"
236,의왕포일점,경기 의왕시 포일세거리로 10,"(0.0, 0.0)"
237,의정부역점,경기 의정부시 시민로 75,"(37.7344598, 127.0779307)"
238,회룡역점,경기 의정부시 외미로 99,"(37.7246967, 127.0465634)"
239,의정부민락점,경기 의정부시 천보로 56,"(37.7448653, 127.0952365)"
240,홈플러스의정부점,경기 의정부시 청사로 38,"(37.752258, 127.0704484)"
241,의정부금오점,경기 의정부시 청사로 41,"(37.7525297, 127.06993)"
242,의정부대로점,경기 의정부시 평화로 552,"(37.7085691, 127.0480854)"
243,의정부중앙로점,경기 의정부시 행복로 12,"(37.7414716, 127.0497911)"
244,의정부장암점,경기 의정부시 회룡로 178,"(37.72626, 127.05036)"
245,이천하이닉스점,경기 이천시 부발읍 경충대로,"(37.2646739, 127.4657158)"
246,이천중앙로점,경기 이천시 어재연로37번길 16,"(0.0, 0.0)"
247,파주가람점,경기 파주시 가람로 2,"(37.7347471, 126.7575612)"
248,파주야당역점,경기 파주시 경의로 1066,"(37.71233795, 126.7596354)"
249,파주금릉역점,경기 파주시 금릉역로 84,"(0.0, 0.0)"
250,파주당동점,경기 파주시 문산읍 방촌로,"(0.0, 0.0)"
251,파주금촌점,경기 파주시 문화로 109,"(37.7639182, 126.774492)"
252,파주운정점,경기 파주시 미래로 377,"(0.0, 0.0)"
253,파주LCD점,경기 파주시 월롱면 엘씨디로241번길,"(0.0, 0.0)"
254,파주봉일천점,경기 파주시 조리읍 봉천로,"(37.7450832, 126.8042338)"
255,파주교하점,경기 파주시 청석로 260,"(37.7332067, 126.7194411)"
256,홈플러스파주운정점,경기 파주시 청암로17번길 17,"(37.729954, 126.7355105)"
257,뉴코아아울렛평택점,경기 평택시 경기대로 279,"(37.1250623, 127.0662031)"
258,평택소사벌로터리점,경기 평택시 비전5로 16,"(0.0, 0.0)"
259,평택신장점,경기 평택시 쇼핑로 22,"(0.0, 0.0)"
260,평택안중점,경기 평택시 안중읍 안현로서6길,"(36.98483435, 126.9240773)"
261,평택용죽점,경기 평택시 용죽2로 32-50,"(0.0, 0.0)"
262,평택서정점,경기 평택시 정암로 2,"(0.0, 0.0)"
263,평택청북점,경기 평택시 청북읍 안청로,"(37.0183489, 126.915622)"
264,송탄점,경기 평택시 특구로 26,"(0.0, 0.0)"
265,평택소사벌점,경기 평택시 평남로 862,"(0.0, 0.0)"
266,평택비전점,경기 평택시 평남로 937,"(36.9908051, 127.121629)"
267,평택역점,경기 평택시 평택2로10번길 10-3,"(0.0, 0.0)"
268,평택AK역사점,경기 평택시 평택로 51,"(0.0, 0.0)"
269,포천송우리점,경기 포천시 소흘읍 솔모루로,"(0.0, 0.0)"
270,포천신읍점,경기 포천시 중앙로 121,"(0.0, 0.0)"
271,포천중앙점,경기 포천시 893,"(37.8948267, 127.2007295)"
272,하남시청점,경기 하남시 대청로 26,"(0.0, 0.0)"
273,하남풍산점,경기 하남시 덕풍동로 111-15,"(0.0, 0.0)"
274,하남미사점,경기 하남시 미사강변대로 222,"(0.0, 0.0)"
275,하남미사역점,경기 하남시 미사강변동로 95,"(0.0, 0.0)"
276,스타필드하남점,경기 하남시 미사대로 750,"(37.578136, 127.1763184)"
277,하남감일점,경기 하남시 신우실로 61,"(0.0, 0.0)"
278,하남신장점,경기 하남시 신장로 127-1,"(0.0, 0.0)"
279,미사효성점,경기 하남시 아리수로 570,"(37.5666222, 127.1812566)"
280,스타필드시티위례점,경기 하남시 위례대로 200,"(37.5028567, 127.1568601)"
281,홈플러스병점점,경기 화성시 경기대로 985,"(37.1960198, 127.041847)"
282,화성남양점,경기 화성시 남양읍 남양시장로66번길,"(0.0, 0.0)"
283,동탄호수공원점,경기 화성시 동탄대로 181,"(37.1932945, 127.0989825)"
284,동탄역점,경기 화성시 동탄대로 495,"(0.0, 0.0)"
285,동탄디엠시티점,경기 화성시 동탄대로 636-14,"(37.1932945, 127.0989825)"
286,동탄청계점,경기 화성시 동탄대로시범길 134,"(0.0, 0.0)"
287,동탄솔빛점,경기 화성시 동탄솔빛로 51,"(37.193631, 127.072933)"
288,동탄산척점,경기 화성시 동탄순환대로 257,"(37.1871149, 127.1238032)"
289,동탄목동점,경기 화성시 동탄순환대로 400,"(37.1871149, 127.1238032)"
290,동탄영천점,경기 화성시 동탄순환대로 686,"(37.1871149, 127.1238032)"
291,동탄한빛점,경기 화성시 동탄중심상가2길 37,"(37.2065321, 127.0736832)"
292,동탄센트럴파크점,경기 화성시 동탄지성로 102,"(37.2081038, 127.0642147)"
293,동탄능동점,경기 화성시 동탄지성로 201,"(37.2342817, 127.0458428)"
294,병점역점,경기 화성시 병점3로 2,"(37.2101699, 127.04203)"
295,화성봉담점,경기 화성시 봉담읍 동화길,"(0.0, 0.0)"
296,수원대점,경기 화성시 봉담읍 와우안길,"(0.0, 0.0)"
297,화성향남로데오점,경기 화성시 향남읍 발안양감로,"(0.0, 0.0)"
298,화성향남점,경기 화성시 향남읍 행정중앙2로,"(0.0, 0.0)"
299,화성병점점,경기 화성시 효행로 1059,"(37.2136546, 127.0410958)"
300,거제고현점,경남 거제시 거제중앙로 1905,"(34.88809125, 128.622996)"
301,거제수월점,경남 거제시 수양로 471,"(0.0, 0.0)"
302,거제아주점,경남 거제시 아주1로 56,"(34.8664851, 128.686893)"
303,거제옥포점,경남 거제시 옥포대첩로 42-1,"(34.89365245, 128.692333)"
304,디큐브거제점,경남 거제시 장평로 12,"(34.8908789, 128.6165195)"
305,경남거창점,경남 거창군 거창읍 중앙로,"(35.6871831, 127.9132392)"
306,경남고성점,경남 고성군 고성읍 송학로149번길,"(0.0, 0.0)"
307,김해장유부곡점,경남 김해시 능동로 153,"(35.1988031, 128.8032541)"
308,김해장유대청점,경남 김해시 번화1로56번길 19,"(0.0, 0.0)"
309,김해삼계점,경남 김해시 삼계중앙로 47,"(35.2602612, 128.8657065)"
310,김해장유율하점,경남 김해시 율하3로 53,"(35.17282785, 128.8148844)"
311,김해진영점,경남 김해시 진영읍 김해대로361번길,"(35.308627, 128.7296459)"
312,밀양삼문점,경남 밀양시 미리벌중앙로 59,"(35.4831878, 128.7491853)"
313,밀양점,경남 밀양시 석정로 21-1,"(35.491791, 128.7523321)"
314,경남사천점,경남 사천시 정동면 옥산로,"(35.0736572, 128.1037746)"
315,사천벌리점,경남 사천시 주공로 9,"(34.9391902, 128.0861632)"
316,홈플러스진주점,경남 진주시 대신로 304,"(35.18759085, 128.1178043)"
317,진주과기대점,경남 진주시 동진로 25,"(0.0, 0.0)"
318,진주평거점,경남 진주시 순환로 526,"(35.1891992, 128.0549408)"
319,진주중앙점,경남 진주시 12,"(35.1475278, 128.1681621)"
320,갤러리아진주점,경남 진주시 진주대로 1095,"(0.0, 0.0)"
321,경상대점,경남 진주시 진주대로 506,"(35.196716, 128.0551854)"
322,진주초전점,경남 진주시 초전북로52번길 31,"(35.2082294, 128.1130111)"
323,진주혁신도시점,경남 진주시 충의로 20-4,"(35.17630255, 128.1471641)"
324,진주하대점,경남 진주시 하대로 96,"(35.1932019, 128.1218612)"
325,마산창동점,경남 창원시 마산합포구 동서북10길,"(35.2046857, 128.5731116)"
326,마산산호점,경남 창원시 마산합포구 45,"(35.1969737, 128.5673576)"
327,경남대점,경남 창원시 마산합포구 월영동2길,"(35.1794664, 128.5590308)"
328,마산합성점,경남 창원시 마산회원구 3.15대로,"(35.2372192, 128.5818197)"
329,마산내서점,경남 창원시 마산회원구 내서읍,"(35.2331873, 128.5037789)"
330,창원대방점,경남 창원시 성산구 가양로124번길,"(35.2077233, 128.7076207)"
331,창원성원점,경남 창원시 성산구 동산로,"(0.0, 0.0)"
332,창원고인돌사거리점,경남 창원시 성산구 마디미로73번길,"(0.0, 0.0)"
333,창원상남점,경남 창원시 성산구 마디미로9번길,"(0.0, 0.0)"
334,창원도계점,경남 창원시 의창구 도계로,"(35.257438, 128.6392826)"
335,창원감계점,경남 창원시 의창구 북면,"(0.0, 0.0)"
336,창원용호점,경남 창원시 의창구 용지로153번길,"(0.0, 0.0)"
337,창원시티세븐점,경남 창원시 의창구 원이대로,"(35.2402157, 128.653581)"
338,창원소답점,경남 창원시 의창구 읍성로,"(35.2649782, 128.6239362)"
339,창원역점,경남 창원시 의창구 의창대로,"(35.2680076, 128.6404373)"
340,창원유니시티점,경남 창원시 의창구 중동중앙로,"(0.0, 0.0)"
341,창원팔용점,경남 창원시 의창구 팔용로,"(35.256885, 128.6144721)"
342,진해용원점,경남 창원시 진해구 용원로7번길,"(35.1009952, 128.8103188)"
343,진해석동점,경남 창원시 진해구 진해대로,"(35.1152242, 128.8024887)"
344,진해하나로마트점,경남 창원시 진해구 진해대로776번길,"(35.1567756, 128.6986194)"
345,진해충무점,경남 창원시 진해구 충장로,"(35.1529806, 128.679332)"
346,통영죽림점,경남 통영시 광도면 죽림4로,"(0.0, 0.0)"
347,통영무전점,경남 통영시 중앙로 307,"(0.0, 0.0)"
348,함안가야점,경남 함안군 가야읍 가야로,"(35.27866, 128.42542)"
349,홈플러스경산점,경북 경산시 경안로 288,"(35.81568, 128.7389)"
350,영남대점,경북 경산시 대학로 285,"(35.86777, 128.77575)"
351,경산사동점,경북 경산시 백자로 76,"(0.0, 0.0)"
352,경산시장점,경북 경산시 중앙로 78,"(35.8220912, 128.7332011)"
353,대구대학교점,경북 경산시 진량읍 대구대로,"(0.0, 0.0)"
354,경산하양점,경북 경산시 하양읍 하양로,"(35.91423, 128.81966)"
355,홈플러스구미점,경북 구미시 구미대로 174,"(36.118291, 128.3624293)"
356,구미오태점,경북 구미시 금오대로 294-1,"(36.085938, 128.3605491)"
357,구미역점,경북 구미시 문화로 8-1,"(36.12947435, 128.3323412)"
358,구미봉곡점,경북 구미시 봉곡남로 103,"(36.1499614, 128.3135461)"
359,구미확장단지점,경북 구미시 산동읍 신당2로,"(36.1560689, 128.4275981)"
360,구미상모점,경북 구미시 상사서로 55,"(36.0875148, 128.355476)"
361,구미형곡점,경북 구미시 신시로 63,"(36.113289, 128.3395217)"
362,구미옥계점,경북 구미시 옥계북로 27,"(0.0, 0.0)"
363,구미진평점,경북 구미시 인동36길 10,"(36.0925423, 128.4321056)"
364,구미인동점,경북 구미시 인동중앙로1길 26,"(36.1078019, 128.4189259)"
365,김천시청점,경북 김천시 시청로 55,"(36.1630785, 128.1153556)"
366,김천혁신도시점,경북 김천시 혁신3로 5,"(0.0, 0.0)"
367,문경시청점,경북 문경시 당교로 231,"(0.0, 0.0)"
368,상주점,경북 상주시 상산로 273,"(36.3981763, 128.1581772)"
369,안동정하점,경북 안동시 강남5길 5,"(36.5506025, 128.7361582)"
370,안동옥동점,경북 안동시 광명로 177,"(36.5577577, 128.6905016)"
371,안동점,경북 안동시 남문로 22-14,"(36.5648371, 128.7299193)"
372,안동옥동주공점,경북 안동시 옥서로 56,"(0.0, 0.0)"
373,경북영주점,경북 영주시 구성로350번길 29,"(36.8233448, 128.6235776)"
374,경북영주역점,경북 영주시 대학로 35,"(36.8112923, 128.6075137)"
375,경북도청신도시점,경북 예천군 새움3로 30,"(36.5768256, 128.4912061)"
376,칠곡석적점,경북 칠곡군 석적읍 유학로,"(36.0791924, 128.4123174)"
377,경북왜관점,경북 칠곡군 왜관읍 중앙로,"(35.9988235, 128.3974927)"
378,광주하남콜럼버스점,광주 광산구 사암로216번길 38-6,"(35.1623166, 126.8105162)"
379,광주송정역점,광주 광산구 상무대로 207,"(35.1442889, 126.8104721)"
380,광주신가점,광주 광산구 수등로 254,"(35.18494725, 126.836525)"
381,광주신창점,광주 광산구 신창로 125,"(35.19649215, 126.8381897)"
382,메가박스광주첨단점,광주 광산구 앰코로 35,"(35.2218502, 126.852872)"
383,광주선운지구점,광주 광산구 어등대로 418,"(35.1487479, 126.76915)"
384,광주하남2지구점,광주 광산구 용아로399번길 51,"(35.1788021, 126.804705)"
385,광주수완점,광주 광산구 임방울대로 342,"(35.19039035, 126.8242717)"
386,광주장덕점,광주 광산구 장신로 82,"(0.0, 0.0)"
387,광주첨단점,광주 광산구 첨단중앙로 104,"(35.2169596, 126.8410427)"
388,광주봉선삼익점,광주 남구 봉선중앙로 51,"(35.12541955, 126.9111839)"
389,광주진월점,광주 남구 서문대로 687,"(35.1286806, 126.8973009)"
390,광주학동점,광주 동구 남문로 678,"(35.13125285, 126.9293879)"
391,광주엔씨웨이브점,광주 동구 중앙로 163,"(35.1484293, 126.9136826)"
392,광주황금점,광주 동구 중앙로160번길 31-12,"(35.14675395, 126.916633)"
393,광주충장로1가점,광주 동구 충장로 105-1,"(35.1470079, 126.9184619)"
394,광주충장로3가점,광주 동구 충장로 80-16,"(35.1481612, 126.915481)"
395,조선대점,광주 동구 필문대로273번길 10,"(35.14553225, 126.9299734)"
396,광주두암점,광주 북구 갈마로 53,"(35.1616836, 126.9351233)"
397,NC광주역점,광주 북구 경열로 249,"(35.1577644, 126.9058731)"
398,광주문흥점,광주 북구 대천로 140-7,"(35.18659105, 126.9220407)"
399,홈플러스동광주점,광주 북구 동문대로 200,"(35.2067588, 126.9404019)"
400,광주운암점,광주 북구 북문대로 113,"(35.1878455, 126.8628662)"
401,광주북문대로점,광주 북구 북문대로 144,"(35.1878455, 126.8628662)"
402,광주매곡점,광주 북구 설죽로 319,"(35.1931659, 126.8987035)"
403,광주일곡점,광주 북구 설죽로 518,"(35.2055721, 126.897942)"
404,광주양산점,광주 북구 양산로 54,"(35.2019437, 126.8858752)"
405,광주용봉지구점,광주 북구 용봉택지로 39,"(35.1785714, 126.892942)"
406,전남대점,광주 북구 우치로 114,"(35.2073395, 126.9013461)"
407,전남대중앙점,광주 북구 우치로90번길 11,"(35.175661, 126.9133493)"
408,광주첨단2지구점,광주 북구 첨단연신로108번길 31-19,"(35.2087007, 126.8648043)"
409,광주금호지구점,광주 서구 금화로 90,"(35.1319405, 126.8585485)"
410,씨지브이광주터미널점,광주 서구 무진대로 904,"(35.1599315, 126.8825909)"
411,광주광천점,광주 서구 무진대로 919,"(0.0, 0.0)"
412,광주518공원점,광주 서구 상무민주로 90,"(35.152503, 126.8582896)"
413,광주평화방송점,광주 서구 상무시민로 75,"(35.155381, 126.8469454)"
414,광주평화공원점,광주 서구 상무연하로 75,"(35.1549725, 126.849891)"
415,광주상무타임스타워점,광주 서구 상무중앙로 58,"(35.15209035, 126.8488843)"
416,광주상무역점,광주 서구 상무중앙로 9,"(35.14777755, 126.847903)"
417,광주치평점,광주 서구 시청로 27,"(35.1561494, 126.8512337)"
418,광주시청로점,광주 서구 시청로60번길 21-9,"(35.1546395, 126.8538729)"
419,광주화정점,광주 서구 월드컵4강로68번길 1,"(35.1433808, 126.8748647)"
420,광주풍암점,광주 서구 풍암2로 2,"(35.1274572, 126.8793522)"
421,광주동천점,광주 서구 하남대로 668,"(35.171855, 126.8672821)"
422,대구앞산점,대구 남구 대명남로 193,"(35.83491, 128.5687085)"
423,대구대명점,대구 남구 대명로 89,"(35.8402271, 128.5799587)"
424,계명대점,대구 달서구 계대동문로 14,"(35.8554816, 128.4998643)"
425,홈플러스성서점,대구 달서구 달구벌대로 1467,"(35.849362, 128.5287227)"
426,대구죽전점,대구 달서구 달구벌대로 1525,"(35.8530685, 128.4761462)"
427,대구두류점,대구 달서구 달구벌대로 1704,"(35.8530685, 128.4761462)"
428,대구성서모다점,대구 달서구 달서대로 431,"(35.8132605, 128.5118292)"
429,대구상인서로점,대구 달서구 상인서로 103-6,"(35.8125538, 128.5462044)"
430,대구감삼DI점,대구 달서구 와룡로 130,"(35.83509, 128.53693)"
431,대구용산점,대구 달서구 용산로 236,"(35.848186, 128.530687)"
432,대구상인점,대구 달서구 월곡로 269-1,"(35.82206, 128.53402)"
433,대구서부정류장점,대구 달서구 월배로 479,"(35.835938, 128.556038)"
434,대구이곡점,대구 달서구 이곡공원로 24,"(35.85529, 128.5126539)"
435,대구월성점,대구 달서구 조암로 29,"(0.0, 0.0)"
436,대구진천점,대구 달서구 진천로 72,"(35.8108825, 128.5258643)"
437,대구죽곡점,대구 달성군 다사읍 달구벌대로,"(35.8546797, 128.4368419)"
438,대구세천점,대구 달성군 다사읍 세천로,"(35.8738805, 128.4745222)"
439,대구옥포점,대구 달성군 옥포읍 돌미로2서길,"(35.7777843, 128.4374274)"
440,대구테크노폴리스점,대구 달성군 유가읍 테크노상업로,"(35.6935504, 128.4585142)"
441,대구화원점,대구 달성군 화원읍 비슬로,"(35.8059832, 128.5057059)"
442,대구동호점,대구 동구 금강로 16,"(35.8532565, 128.7408231)"
443,동대구역사점,대구 동구 동대구로 550,"(35.8791851, 128.6283056)"
444,동대구터미널점,대구 동구 동부로 149,"(35.8773339, 128.6295948)"
445,대구율하점,대구 동구 안심로22길 48,"(35.8634131, 128.6981504)"
446,대구신서점,대구 동구 이노밸리로 305,"(0.0, 0.0)"
447,대구이시아폴리스점,대구 동구 팔공로 263,"(35.9070043, 128.6405238)"
448,대구구암점,대구 북구 구암로 136,"(35.9448731, 128.5756839)"
449,경북대점,대구 북구 대학로 85-1,"(35.89152, 128.6074806)"
450,대구복현네거리점,대구 북구 동북로 291,"(35.8953929, 128.6177875)"
451,홈플러스칠곡점,대구 북구 동암로12길 8,"(35.9453328, 128.5554878)"
452,대구대현점,대구 북구 신암로 111,"(35.8739104, 128.6051309)"
453,대구칠성점,대구 북구 옥산로 95,"(0.0, 0.0)"
454,대구태전점,대구 북구 칠곡중앙대로 393,"(35.9055825, 128.5471846)"
455,대구보건대점,대구 북구 칠곡중앙대로69길 15-14,"(35.927095, 128.5470882)"
456,대구침산점,대구 북구 침산로 124,"(35.893911, 128.589774)"
457,대구칠곡점,대구 북구 학정로 440,"(35.9334854, 128.561837)"
458,대구금호점,대구 북구 한강로 52-1,"(0.0, 0.0)"
459,대구평리점,대구 서구 서대구로 91,"(35.8816552, 128.5553203)"
460,대구수성4가점,대구 수성구 달구벌대로 2297,"(35.8354755, 128.721367)"
461,대구범어점,대구 수성구 달구벌대로 2379,"(35.8354755, 128.721367)"
462,수성구청역점,대구 수성구 달구벌대로 2518,"(35.8354755, 128.721367)"
463,대구만촌네거리점,대구 수성구 달구벌대로 2600,"(35.8354755, 128.721367)"
464,대구시지점,대구 수성구 달구벌대로 3214,"(35.8354755, 128.721367)"
465,대구사월역점,대구 수성구 달구벌대로 3280,"(0.0, 0.0)"
466,대구황금점,대구 수성구 동대구로 95,"(0.0, 0.0)"
467,대구만촌점,대구 수성구 동원로 135,"(0.0, 0.0)"
468,대구수성3가점,대구 수성구 명덕로 468,"(35.8537749, 128.6253739)"
469,대구수성1가점,대구 수성구 수성로69길 41,"(0.0, 0.0)"
470,대구수성못점,대구 수성구 수성못길 14,"(35.8277462, 128.6218398)"
471,대구범물점,대구 수성구 지범로 180,"(35.8198075, 128.64172)"
472,대구황금캐슬점,대구 수성구 청수로 202,"(35.8389945, 128.6299437)"
473,대구동성로점,대구 중구 국채보상로 593,"(35.8710571, 128.595485)"
474,대구반월당점,대구 중구 달구벌대로 지하,"(0.0, 0.0)"
475,대구동성로2가점,대구 중구 동성로 18,"(35.8699696, 128.5972204)"
476,대구타운,대구 중구 동성로5길 33,"(35.8673876, 128.5977543)"
477,대구대백점,대구 중구 동성로6길 22,"(35.8686859, 128.5975878)"
478,대구명덕역점,대구 중구 중앙대로 267,"(35.8647807, 128.5933632)"
479,대구중앙로점,대구 중구 중앙대로 388,"(35.8647807, 128.5933632)"
480,대구아카데미점,대구 중구 중앙대로 412-17,"(35.86999435, 128.5948127)"
481,대전송촌점,대전 대덕구 계족산로81번길 64,"(36.3641938, 127.4400204)"
482,대전우송대점,대전 동구 동대전로 161,"(36.3294409, 127.4428334)"
483,대전성남점,대전 동구 동서대로 1688,"(36.3432453, 127.4256936)"
484,대전터미널점,대전 동구 동서대로1695번길 30,"(36.351459, 127.4373786)"
485,대전가오점,대전 동구 은어송로 57,"(36.3076999, 127.4578774)"
486,패션아일랜드대전점,대전 동구 은어송로 72,"(36.3076999, 127.4578774)"
487,한남대점,대전 동구 한남로 7,"(36.3511646, 127.4263507)"
488,대전갈마점,대전 서구 갈마중로 12,"(36.3476493, 127.3723185)"
489,대전용문역점,대전 서구 계룡로 624,"(36.3425442, 127.3868811)"
490,대전가수원점,대전 서구 계백로 1149,"(36.3088924, 127.3680561)"
491,대전관저점,대전 서구 관저동로73번길 6,"(36.2980755, 127.3396107)"
492,대전관저네거리점,대전 서구 관저중로 98,"(36.3010476, 127.335229)"
493,대전은하수점,대전 서구 대덕대로 198,"(36.3744069, 127.3797354)"
494,갤러리아타임월드점,대전 서구 대덕대로 211,"(36.3744069, 127.3797354)"
495,대전둔산로점,대전 서구 대덕대로233번길 36,"(36.3536116, 127.3781046)"
496,대전목원대점,대전 서구 도안북로93번길 11,"(0.0, 0.0)"
497,대전시청역점,대전 서구 둔산로 142,"(36.3513068, 127.3837964)"
498,대전타운,대전 서구 둔산로 26,"(0.0, 0.0)"
499,대전탄방점,대전 서구 문정로 77,"(36.347176, 127.387949)"
500,대전초록마을점,대전 서구 복수동로 60-1,"(36.296188, 127.3760687)"
501,대전월평역점,대전 서구 월평로 60,"(36.3561828, 127.3630467)"
502,대전정부청사점,대전 서구 청사로 234,"(36.3598379, 127.3813509)"
503,대전월평점,대전 서구 청사서로 36,"(0.0, 0.0)"
504,대전유성터미널점,대전 유성구 계룡로52번길 11,"(36.3529659, 127.3358741)"
505,대전관평점,대전 유성구 관평2로 48,"(36.42273295, 127.3885395)"
506,대전유성온천역점,대전 유성구 대학로 11,"(36.3620079, 127.3576413)"
507,대전봉명점,대전 유성구 대학로 60,"(36.3620079, 127.3576413)"
508,충남대점,대전 유성구 대학로151번길 35,"(36.3617742, 127.3501613)"
509,대전상대점,대전 유성구 도안대로 511-7,"(36.3516774, 127.3408607)"
510,대전반석점,대전 유성구 반석로 24,"(36.3903595, 127.3059596)"
511,대전신성점,대전 유성구 신성남로 43,"(36.3867391, 127.3498804)"
512,대전전민점,대전 유성구 유성대로 1736-1,"(36.3945715, 127.3514329)"
513,대전노은역점,대전 유성구 은구비남로33번길 29,"(0.0, 0.0)"
514,대전죽동점,대전 유성구 죽동로297번길 76,"(36.3695075, 127.3382232)"
515,현대프리미엄아울렛대전점,대전 유성구 테크노중앙로 123,"(36.42346675, 127.3992723)"
516,홈플러스유성점,대전 유성구 한밭대로 502,"(36.3604106, 127.3498065)"
517,홈플러스대전문화점,대전 중구 계백로 1690,"(36.3202932, 127.4076533)"
518,대전세이점,대전 중구 계백로 1700,"(36.3205518, 127.408793)"
519,서대전네거리점,대전 중구 계백로 1715,"(36.3189915, 127.3997268)"
520,대전목동점,대전 중구 목중로 9,"(0.0, 0.0)"
521,서대전역점,대전 중구 오류로 19,"(36.3298236, 127.401948)"
522,대전중앙지하상가점,대전 중구 중앙로 지하,"(0.0, 0.0)"
523,대전은행동점,대전 중구 중앙로156번길 25,"(36.3276633, 127.4286391)"
524,대전중앙점,대전 중구 중앙로164번길 8,"(36.3284149, 127.4282064)"
525,대전태평점,대전 중구 태평로 71,"(36.3287469, 127.3961888)"
526,스타필드시티명지점,부산 강서구 명지국제6로 168,"(35.0943386, 128.9213394)"
527,명지국제신도시점,부산 강서구 명지국제8로 260,"(35.0982889, 128.917851)"
528,명지오션시티점,부산 강서구 69,"(35.1526783, 128.8817806)"
529,부산아트몰링점,부산 사하구 낙동남로 1413,"(35.1062767, 128.9685201)"
530,하단중앙점,부산 사하구 낙동남로 1417,"(35.1062767, 128.9685201)"
531,부산동아대점,부산 사하구 낙동대로 551,"(35.1037196, 129.0034084)"
532,부산다대포점,부산 사하구 다대로 698,"(35.0993898, 128.9771601)"
533,강남우성점,서울 강남구 강남대로 320,"(0.0, 0.0)"
534,강남타운,서울 강남구 강남대로 372,"(37.5111721, 127.0213861)"
535,강남교보사거리점,서울 강남구 강남대로 456,"(37.5032213, 127.0255351)"
536,신논현역점,서울 강남구 강남대로 480,"(37.5111721, 127.0213861)"
537,양재스타클래스점,서울 강남구 남부순환로 2615,"(37.4979579, 127.0846934)"
538,대치역점,서울 강남구 남부순환로 2927,"(37.49370365, 127.0604139)"
539,남역삼점,서울 강남구 논현로 318,"(0.0, 0.0)"
540,포이사거리점,서울 강남구 논현로 82,"(37.5272651, 127.0283095)"
541,압구정타운점,서울 강남구 논현로 842,"(0.0, 0.0)"
542,압구정역점,서울 강남구 논현로 878,"(0.0, 0.0)"
543,압구정점,서울 강남구 논현로175길 6,"(37.5243164, 127.0241243)"
544,대치점,서울 강남구 도곡로 448,"(0.0, 0.0)"
545,신사점,서울 강남구 도산대로 116,"(0.0, 0.0)"
546,가로수길타운,서울 강남구 도산대로 133,"(37.5181047, 127.0240811)"
547,학동중앙점,서울 강남구 도산대로 326,"(37.5181047, 127.0240811)"
548,청담사거리점,서울 강남구 도산대로89길 8,"(0.0, 0.0)"
549,수서역점,서울 강남구 밤고개로1길 10,"(37.4880133, 127.1018308)"
550,언주역점,서울 강남구 봉은사로 209,"(37.5153694, 127.0665939)"
551,청담역점,서울 강남구 삼성로 716,"(37.5067233, 127.0566608)"
552,한티역점,서울 강남구 선릉로 312,"(37.5290401, 127.041123)"
553,선릉역점,서울 강남구 선릉로 513,"(37.5290401, 127.041123)"
554,선정릉역점,서울 강남구 선릉로 602,"(37.5106348, 127.0440021)"
555,강남구청역점,서울 강남구 선릉로 703,"(37.5176744, 127.0408347)"
556,압구정로데오점,서울 강남구 압구정로50길 9,"(37.5273631, 127.0380087)"
557,타워팰리스점,서울 강남구 언주로30길 39,"(0.0, 0.0)"
558,봉은사역점,서울 강남구 영동대로 602,"(37.5092189, 127.0631384)"
559,일원역점,서울 강남구 일원로 115,"(0.0, 0.0)"
560,역삼점,서울 강남구 테헤란로 115,"(0.0, 0.0)"
561,역삼역점,서울 강남구 테헤란로 138,"(37.5086744, 127.0629003)"
562,강남파이낸스점,서울 강남구 테헤란로 152,"(37.5000673, 127.0366267)"
563,선릉아이타워점,서울 강남구 테헤란로 326,"(37.5086744, 127.0629003)"
564,선릉타운점,서울 강남구 테헤란로 411,"(0.0, 0.0)"
565,삼성점,서울 강남구 테헤란로108길 22,"(37.5083052, 127.0661245)"
566,강남시티점,서울 강남구 테헤란로1길 30,"(0.0, 0.0)"
567,강남역센트럴점,서울 강남구 테헤란로4길 6,"(37.4968648, 127.0302159)"
568,선릉로점,서울 강남구 테헤란로64길 20,"(0.0, 0.0)"
569,코엑스몰점,서울 강남구 테헤란로87길 22,"(37.508357, 127.0591186)"
570,학동역점,서울 강남구 학동로 177,"(0.0, 0.0)"
571,세곡동점,서울 강남구 헌릉로569길 21-36,"(37.4670378, 127.0978252)"
572,상일동역점,서울 강동구 고덕로 399,"(37.5547286, 127.1364591)"
573,고덕점,서울 강동구 동남로75길 13-15,"(0.0, 0.0)"
574,상일동점,서울 강동구 상일로10길 36,"(0.0, 0.0)"
575,강동구청점,서울 강동구 성내로 19,"(37.52893, 127.12503)"
576,강일동점,서울 강동구 아리수로 423,"(37.5598235, 127.1453151)"
577,둔촌점,서울 강동구 양재대로 1317,"(0.0, 0.0)"
578,길동역점,서울 강동구 양재대로 1481,"(37.5340323, 127.1385781)"
579,홈플러스강동점,서울 강동구 양재대로 1571,"(37.5458064, 127.1421)"
580,명일역점,서울 강동구 양재대로 1637,"(37.5340323, 127.1385781)"
581,천호현대점,서울 강동구 올림픽로 664,"(37.5408112, 127.1246252)"
582,암사역점,서울 강동구 올림픽로 769,"(0.0, 0.0)"
583,천호중앙점,서울 강동구 1027 일동빌딩,"(0.0, 0.0)"
584,길동사거리점,서울 강동구 1120,"(37.53, 127.1237)"
585,천호엔터식스점,서울 강동구 지하 997,"(0.0, 0.0)"
586,미아역점,서울 강북구 도봉로 188,"(37.6128166, 127.0302125)"
587,미아점,서울 강북구 도봉로 242,"(37.6128166, 127.0302125)"
588,수유타운,서울 강북구 도봉로 336,"(37.6128166, 127.0302125)"
589,미아사거리점,서울 강북구 도봉로 45,"(37.6128166, 127.0302125)"
590,수유역점,서울 강북구 도봉로87길 8,"(37.6387273, 127.0240166)"
591,우장산역점,서울 강서구 강서로 253,"(37.5484292, 126.8360806)"
592,발산점,서울 강서구 강서로 360,"(37.5596089, 126.838587)"
593,발산역점,서울 강서구 강서로 385,"(37.5596089, 126.838587)"
594,까치산역점,서울 강서구 강서로13길 3,"(37.5318519, 126.8453269)"
595,NC강서점,서울 강서구 강서로56길 17,"(37.5596199, 126.838934)"
596,마곡역점,서울 강서구 공항대로 168,"(37.5612563, 126.8124407)"
597,송정역점,서울 강서구 공항대로 28,"(37.5612563, 126.8124407)"
598,염창역점,서울 강서구 공항대로 637,"(37.5612563, 126.8124407)"
599,방화역점,서울 강서구 금낭화로 292,"(37.5761896, 126.8122948)"
600,마곡나루역점,서울 강서구 마곡서로 152,"(0.0, 0.0)"
601,신방화역점,서울 강서구 방화대로 294,"(37.56696495, 126.8169494)"
602,양천향교역점,서울 강서구 양천로 344,"(37.5733429, 126.8165938)"
603,홈플러스가양점,서울 강서구 양천로 431,"(37.5642532, 126.8500609)"
604,가양역점,서울 강서구 양천로 476,"(0.0, 0.0)"
605,증미역점,서울 강서구 양천로 583,"(0.0, 0.0)"
606,김포공항점,서울 강서구 하늘길 38,"(0.0, 0.0)"
607,화곡역점,서울 강서구 화곡로 149,"(0.0, 0.0)"
608,강서구청점,서울 강서구 화곡로 316,"(37.55856, 126.85378)"
609,홈플러스강서점,서울 강서구 화곡로 398,"(37.5585333, 126.8549185)"
610,사당역점,서울 관악구 과천대로 941,"(0.0, 0.0)"
611,관악타운,서울 관악구 관악로 171,"(37.4673034, 126.9494116)"
612,관악로점,서울 관악구 관악로 204,"(37.4673034, 126.9494116)"
613,신대방역점,서울 관악구 난곡로 357,"(37.4683168, 126.9201938)"
614,신림남부순환로점,서울 관악구 남부순환로 1377,"(37.4821264, 126.9483318)"
615,신림역점,서울 관악구 남부순환로 1619,"(37.4821264, 126.9483318)"
616,봉천역점,서울 관악구 남부순환로 1735,"(37.4821264, 126.9483318)"
617,서울대입구역점,서울 관악구 남부순환로 1838,"(37.4821264, 126.9483318)"
618,낙성대점,서울 관악구 남부순환로 1909,"(37.478068, 126.9615763)"
619,낙성대인헌점,서울 관악구 남부순환로248길 3,"(37.4757654, 126.9658627)"
620,구로디지털단지역점,서울 관악구 시흥대로 574,"(37.4789821, 126.8990736)"
621,녹두거리점,서울 관악구 신림로 127,"(37.4678717, 126.9475088)"
622,신림로점,서울 관악구 신림로 315,"(37.4678717, 126.9475088)"
623,포도몰점,서울 관악구 신림로 330,"(37.48377515, 126.9301443)"
624,신림점,서울 관악구 신림로 353,"(37.4678717, 126.9475088)"
625,강변역점,서울 광진구 강변역로4길 10,"(37.53441, 127.09268)"
626,강변엔터식스점,서울 광진구 광나루로56길 85,"(0.0, 0.0)"
627,건대점,서울 광진구 능동로 133,"(37.5340314, 127.0678046)"
628,뚝섬유원지역점,서울 광진구 능동로 7,"(37.5378419, 127.0687007)"
629,건대입구점,서울 광진구 동일로22길 115,"(37.5416499, 127.0674994)"
630,중곡점,서울 광진구 면목로 127,"(37.5671595, 127.0819519)"
631,스타시티점,서울 광진구 아차산로 272,"(0.0, 0.0)"
632,구의역점,서울 광진구 아차산로 378,"(0.0, 0.0)"
633,올림픽대교북단점,서울 광진구 아차산로 484,"(37.538847, 127.0919729)"
634,광장점,서울 광진구 아차산로 537-17,"(0.0, 0.0)"
635,광나루역점,서울 광진구 아차산로 607,"(37.538847, 127.0919729)"
636,건대몰오브케이점,서울 광진구 아차산로30길 26,"(0.0, 0.0)"
637,군자역점,서울 광진구 548 중앙빌딩,"(0.0, 0.0)"
638,아차산역점,서울 광진구 671,"(37.5384, 127.0828)"
639,신도림점,서울 구로구 경인로 661,"(37.5044962, 126.8818819)"
640,디큐브시티점,서울 구로구 경인로 662,"(0.0, 0.0)"
641,오류동역점,서울 구로구 경인로20길 4,"(37.4958874, 126.843552)"
642,개봉역북부점,서울 구로구 경인로40길 41,"(0.0, 0.0)"
643,NC신구로점,서울 구로구 구로중앙로 152,"(37.502715, 126.8800694)"
644,구일역점,서울 구로구 구일로10길 49,"(0.0, 0.0)"
645,구로호텔점,서울 구로구 디지털로32길 72,"(0.0, 0.0)"
646,구로디지털점,서울 구로구 디지털로34길 43,"(0.0, 0.0)"
647,신도림테크노마트점,서울 구로구 새말로 97,"(37.5055354, 126.8900335)"
648,천왕역점,서울 구로구 오류로 20,"(37.4879079, 126.8396875)"
649,가산점,서울 금천구 가산디지털1로 171,"(37.4789274, 126.8822324)"
650,은행나무사거리점,서울 금천구 금하로 705,"(37.45155105, 126.9083174)"
651,가산더블유몰점,서울 금천구 디지털로 188,"(37.4773613, 126.887711)"
652,현대아울렛가산점,서울 금천구 디지털로10길 9,"(37.4769457, 126.8888314)"
653,가산디지털단지역점,서울 금천구 벚꽃로 286,"(37.4576832, 126.893558)"
654,홈플러스시흥점,서울 금천구 시흥대로 201,"(37.4514157, 126.9006328)"
655,시흥사거리점,서울 금천구 시흥대로 228,"(37.45420385, 126.9012383)"
656,홈플러스금천점,서울 금천구 시흥대로 391,"(37.4682281, 126.8968206)"
657,롯데마트중계점,서울 노원구 노원로 330,"(37.6573, 127.06643)"
658,노원역사거리점,서울 노원구 노해로 480,"(0.0, 0.0)"
659,노원공릉점,서울 노원구 동일로 1083,"(37.6175709, 127.075671)"
660,중계역점,서울 노원구 동일로 1335,"(37.6175709, 127.075671)"
661,수락산역점,서울 노원구 동일로 1678,"(37.6485644, 127.0644638)"
662,공릉역점,서울 노원구 동일로192길 74,"(37.6270969, 127.0770156)"
663,홈플러스중계점,서울 노원구 동일로204가길 12,"(37.6398415, 127.0686016)"
664,노원점,서울 노원구 상계로 65,"(37.6703649, 127.0793755)"
665,광운대역점,서울 노원구 석계로 102,"(37.6149158, 127.0647959)"
666,석계역점,서울 노원구 석계로1길 14,"(37.6156104, 127.0619998)"
667,은행사거리점,서울 노원구 한글비석로 264,"(37.6335072, 127.064282)"
668,상계보람점,서울 노원구 한글비석로 471,"(37.6335072, 127.064282)"
669,창동역점,서울 도봉구 노해로63길 84-16,"(37.6518612, 127.0423351)"
670,쌍문점,서울 도봉구 도당로 2,"(37.6604785, 127.034897)"
671,쌍문역점,서울 도봉구 도봉로 480,"(37.6620125, 127.042384)"
672,홈플러스방학점,서울 도봉구 도봉로 678,"(37.6620125, 127.042384)"
673,방학역점,서울 도봉구 도봉로150길 28,"(37.6660397, 127.044596)"
674,창동점,서울 도봉구 마들로11길 57,"(37.6538032, 127.0506357)"
675,덕성여대점,서울 도봉구 삼양로144길 17,"(37.6523769, 127.0142403)"
676,경희대점,서울 동대문구 경희대로 2,"(37.5926082, 127.0525222)"
677,답십리역점,서울 동대문구 고미술로 81,"(37.5671655, 127.0532996)"
678,휘경동점,서울 동대문구 망우로 78,"(0.0, 0.0)"
679,청량리역사점,서울 동대문구 왕산로 214,"(0.0, 0.0)"
680,신설동역점,서울 동대문구 왕산로 4,"(37.5811037, 127.0484524)"
681,외대정문점,서울 동대문구 이문로 107,"(37.59708145, 127.0587413)"
682,회기타운,서울 동대문구 이문로 30,"(37.60134, 127.06205)"
683,장안동사거리점,서울 동대문구 장한로 129,"(37.5787324, 127.0722115)"
684,장한평역점,서울 동대문구 장한로 3,"(37.5622395, 127.0650144)"
685,서울시립대점,서울 동대문구 전농로 222,"(37.58396795, 127.05363)"
686,노량진삼거리점,서울 동작구 노량진로 124,"(37.5127724, 126.9524964)"
687,노량진타운,서울 동작구 노량진로 162,"(37.5127724, 126.9524964)"
688,사당점,서울 동작구 동작대로 29,"(0.0, 0.0)"
689,사당역지하상가점,서울 동작구 동작대로 지하,"(0.0, 0.0)"
690,신대방삼거리역점,서울 동작구 보라매로 113,"(37.4961, 126.9276662)"
691,보라매점,서울 동작구 보라매로5가길 16,"(37.4916114, 126.9246859)"
692,숭실대점,서울 동작구 사당로 10,"(37.4879612, 126.9664481)"
693,남성역점,서울 동작구 사당로 228,"(37.4879612, 126.9664481)"
694,숭실대입구역점,서울 동작구 상도로 358,"(37.5041276, 126.9383467)"
695,대림성모점,서울 동작구 시흥대로 658,"(37.4904409, 126.9080396)"
696,상도역점,서울 동작구 양녕로 257,"(37.512797, 126.9550137)"
697,보라매역점,서울 동작구 여의대방로 142,"(37.5014098, 126.9208774)"
698,장승배기역점,서울 동작구 장승배기로11가길 11,"(0.0, 0.0)"
699,중앙대점,서울 동작구 흑석로 81,"(37.5075828, 126.9615342)"
700,합정카페거리점,서울 마포구 독막로 13,"(37.5488523, 126.9150079)"
701,합정역점,서울 마포구 독막로 2,"(37.5491451, 126.9146237)"
702,동교동점,서울 마포구 동교로 207,"(37.5527423, 126.9052199)"
703,공덕파크팰리스점,서울 마포구 마포대로 143,"(0.0, 0.0)"
704,애오개역점,서울 마포구 마포대로 201,"(0.0, 0.0)"
705,마포역점,서울 마포구 마포대로 53,"(0.0, 0.0)"
706,망원동점,서울 마포구 망원로 71,"(37.5572687, 126.9018788)"
707,공덕역점,서울 마포구 백범로 199,"(37.54353115, 126.9527847)"
708,서강대점,서울 마포구 백범로 21,"(37.5469645, 126.9440979)"
709,대흥역점,서울 마포구 백범로 91,"(37.54823735, 126.9417772)"
710,마포도화점,서울 마포구 삼개로 20,"(37.5403879, 126.9470261)"
711,상암ENM점,서울 마포구 상암산로 66,"(0.0, 0.0)"
712,신촌로터리점,서울 마포구 서강로 133,"(37.5523822, 126.9330611)"
713,상암MBC점,서울 마포구 성암로 267,"(0.0, 0.0)"
714,홍대타운,서울 마포구 양화로 156,"(0.0, 0.0)"
715,홍대역점,서울 마포구 양화로 161,"(37.5572088, 126.9241038)"
716,홍대공항철도역점,서울 마포구 양화로 183,"(37.5572088, 126.9241038)"
717,합정메세나폴리스점,서울 마포구 양화로 45,"(37.5502395, 126.9139625)"
718,홍대중앙점,서울 마포구 어울마당로 68,"(0.0, 0.0)"
719,상수역점,서울 마포구 와우산로 49,"(0.0, 0.0)"
720,마포구청역점,서울 마포구 월드컵로 196,"(37.5596169, 126.9069064)"
721,홈플러스월드컵점,서울 마포구 월드컵로 240,"(37.5596169, 126.9069064)"
722,망원역점,서울 마포구 월드컵로 74,"(37.5558081, 126.9106433)"
723,합정교보점,서울 마포구 월드컵로1길 14,"(37.5492217, 126.9119938)"
724,서교동점,서울 마포구 월드컵북로 9-1,"(37.5593901, 126.9170815)"
725,상암푸르지오시티점,서울 마포구 월드컵북로54길 25,"(37.5813028, 126.889349)"
726,홍대정문점,서울 마포구 홍익로 4,"(37.55365025, 126.9229445)"
727,가재울뉴타운점,서울 서대문구 가재울미래로 2,"(0.0, 0.0)"
728,북가좌동점,서울 서대문구 거북골로 191,"(37.5792344, 126.907672)"
729,명지대점,서울 서대문구 거북골로 25-1,"(37.5792344, 126.907672)"
730,신촌명물거리점,서울 서대문구 명물길 54,"(37.5586472, 126.93887)"
731,신촌대로점,서울 서대문구 신촌로 121,"(37.5553748, 126.9375073)"
732,창천점,서울 서대문구 신촌로 17,"(37.5553748, 126.9375073)"
733,신촌역점,서울 서대문구 신촌로 79,"(37.5553748, 126.9375073)"
734,아현역점,서울 서대문구 신촌로35길 10,"(37.5580649, 126.9554001)"
735,신촌타운점,서울 서대문구 연세로 10,"(37.5573024, 126.9369343)"
736,신촌연세점,서울 서대문구 연세로 37,"(37.5600431, 126.9369239)"
737,연희점,서울 서대문구 연희로 79,"(37.5738203, 126.9343253)"
738,이대중앙점,서울 서대문구 이화여대7길 8,"(37.5584777, 126.9434356)"
739,홍제역점,서울 서대문구 통일로 446,"(37.57527, 126.95692)"
740,양재대로점,서울 서초구 강남대로 267,"(37.5006739, 127.0261458)"
741,강남,플래그십 서울 서초구 강남대로,"(0.0, 0.0)"
742,신논현점,서울 서초구 강남대로 507,"(37.5006739, 127.0261458)"
743,오쇼핑점,서울 서초구 과천대로 870-13,"(0.0, 0.0)"
744,양재점,서울 서초구 남부순환로 2606,"(37.4738296, 126.9935686)"
745,방배이수점,서울 서초구 동작대로 118,"(37.4983322, 126.9844741)"
746,서초역점,서울 서초구 반포대로 110,"(37.5033022, 127.0026156)"
747,내방역점,서울 서초구 방배로 184,"(37.4843821, 126.9957527)"
748,방배점,서울 서초구 방배로 83,"(37.4843821, 126.9957527)"
749,방배카페거리점,서울 서초구 방배중앙로 175,"(37.4884738, 126.9882835)"
750,서래마을점,서울 서초구 서래로 39,"(37.49739, 126.99831)"
751,서초대로점,서울 서초구 서초대로 314,"(0.0, 0.0)"
752,강남역사거리점,서울 서초구 서초대로77길 3,"(37.49805275, 127.0264464)"
753,서초타운점,서울 서초구 서초대로78길 32,"(37.4975349, 127.0269768)"
754,삼호가든사거리점,서울 서초구 서초중앙로 239,"(37.5042348, 127.0106154)"
755,교대점,서울 서초구 서초중앙로 95,"(37.5042348, 127.0106154)"
756,서초유원점,서울 서초구 서초중앙로24길 35,"(37.4954887, 127.018228)"
757,강남엔터식스점,서울 서초구 신반포로 지하,"(0.0, 0.0)"
758,NC강남점,서울 서초구 잠원로 51,"(37.5205209, 127.0154916)"
759,양재하나로클럽점,서울 서초구 청계산로 10,"(37.4614736, 127.0460852)"
760,남부터미널점,서울 서초구 효령로 283,"(0.0, 0.0)"
761,금호점,서울 성동구 독서당로 302,"(37.54662, 127.0189015)"
762,한양대점,서울 성동구 마조로 11,"(37.5576658, 127.0407557)"
763,황학사거리점,서울 성동구 상왕십리동 816,"(0.0, 0.0)"
764,성동성수점,서울 성동구 성수일로6길 47,"(37.5447934, 127.0531656)"
765,성수역점,서울 성동구 아차산로 91,"(37.5436308, 127.0589921)"
766,왕십리엔터식스점,서울 성동구 왕십리광장로 17,"(37.5618981, 127.0382167)"
767,왕십리역점,서울 성동구 왕십리로 331,"(0.0, 0.0)"
768,상왕십리역점,서울 성동구 왕십리로 382,"(37.5650266, 127.0279138)"
769,서울숲역점,서울 성동구 왕십리로 50,"(37.5612735, 127.0353846)"
770,롯데마트행당역점,서울 성동구 행당로 84,"(0.0, 0.0)"
771,안암점,서울 성북구 고려대로24길 8,"(37.5836161, 127.0291569)"
772,길음점,서울 성북구 길음로 33,"(0.0, 0.0)"
773,돈암중앙점,서울 성북구 동소문로 118,"(37.5933266, 127.0181758)"
774,한성대역점,서울 성북구 동소문로 18-1,"(0.0, 0.0)"
775,돈암점,서울 성북구 동소문로22길 39,"(37.5898438, 127.0189176)"
776,정릉점,서울 성북구 보국문로 38,"(37.6121881, 127.0081801)"
777,성신여대입구역점,서울 성북구 아리랑로 9,"(37.5937305, 127.0159792)"
778,하월곡점,서울 성북구 월계로 52,"(37.6114686, 127.0355676)"
779,길음역점,서울 성북구 정릉로 376,"(0.0, 0.0)"
780,종암점,서울 성북구 종암로 123,"(37.6010142, 127.0331664)"
781,홈플러스월곡점,서울 성북구 화랑로 76,"(37.6018264, 127.0404642)"
782,동덕여대점,서울 성북구 화랑로11길 31,"(37.6033584, 127.0417989)"
783,방이역점,서울 송파구 마천로 41,"(37.4950322, 127.1506214)"
784,배명사거리점,서울 송파구 백제고분로 276,"(0.0, 0.0)"
785,석촌역점,서울 송파구 백제고분로 387,"(37.5054383, 127.1074163)"
786,방이시장점,서울 송파구 백제고분로 464,"(37.5054383, 127.1074163)"
787,송파아이파크점,서울 송파구 법원로 55,"(37.47986545, 127.12167)"
788,잠실학원사거리점,서울 송파구 130,"(37.5144416, 127.083925)"
789,석촌호수로점,서울 송파구 88,"(37.5178571, 127.091412)"
790,문정역점,서울 송파구 송파대로 167,"(0.0, 0.0)"
791,올림픽아파트점,서울 송파구 양재대로 1222,"(0.0, 0.0)"
792,개롱역점,서울 송파구 오금로 412,"(37.5052279, 127.1229241)"
793,거여역점,서울 송파구 오금로 512,"(37.5052279, 127.1229241)"
794,송파구청점,서울 송파구 오금로 87,"(37.5145854, 127.1074697)"
795,신천점,서울 송파구 올림픽로 116-1,"(0.0, 0.0)"
796,롯데월드점,서울 송파구 올림픽로 240,"(37.51110405, 127.0982333)"
797,잠실점,서울 송파구 올림픽로 269,"(37.5107105, 127.0709259)"
798,잠실역8호선점,서울 송파구 올림픽로 305,"(0.0, 0.0)"
799,홈플러스잠실점,서울 송파구 올림픽로35가길 16,"(37.5167037, 127.1032995)"
800,잠실장미상가점,서울 송파구 올림픽로35길 124,"(0.0, 0.0)"
801,위례아이파크점,서울 송파구 위례광장로 136,"(37.475947, 127.1422591)"
802,가락시장역점,서울 송파구 중대로 105,"(0.0, 0.0)"
803,롯데마트송파점,서울 송파구 중대로 80,"(37.4917455, 127.1177801)"
804,장지역점,서울 송파구 충민로 66,"(37.4775778, 127.1249983)"
805,양천구청점,서울 양천구 목동동로 73,"(37.51983, 126.87042)"
806,목동역점,서울 양천구 목동로 203,"(37.512559, 126.8704703)"
807,목동,타운 서울 양천구 목동서로,"(0.0, 0.0)"
808,등촌점,서울 양천구 목동중앙북로7길 20,"(37.5487504, 126.8676064)"
809,신정점,서울 양천구 신월로 349,"(37.5137896, 126.8269819)"
810,신정이펜하우스점,서울 양천구 신정이펜2로 14,"(37.5141099, 126.8313378)"
811,목동하이페리온점,서울 양천구 오목로 300,"(37.5221749, 126.8446016)"
812,오목교역점,서울 양천구 오목로 344,"(0.0, 0.0)"
813,신정네거리역점,서울 양천구 중앙로 252,"(37.5197122, 126.8531251)"
814,양천신월점,서울 양천구 지양로 78,"(37.5184164, 126.8374939)"
815,영등포역사점,서울 영등포구 경인로 846,"(37.5156447, 126.9076335)"
816,영등포역점,서울 영등포구 경인로 847,"(37.5200082, 126.9145774)"
817,여의도IFC몰점,서울 영등포구 국제금융로 10,"(0.0, 0.0)"
818,여의도IFC점,서울 영등포구 국제금융로 10,"(0.0, 0.0)"
819,서여의도점,서울 영등포구 국회대로70길 15-1,"(0.0, 0.0)"
820,당산역점,서울 영등포구 당산로 223,"(37.5280028, 126.8972286)"
821,홈플러스영등포점,서울 영등포구 당산로 42,"(0.0, 0.0)"
822,문래점,서울 영등포구 선유로 63,"(37.5257616, 126.8909061)"
823,선유도역점,서울 영등포구 양평로 127,"(37.534826, 126.9000655)"
824,여의도역점,서울 영등포구 여의나루로 61,"(0.0, 0.0)"
825,신길점,서울 영등포구 영등포로 358,"(0.0, 0.0)"
826,대방역점,서울 영등포구 영등포로 422,"(37.5124288, 126.9248446)"
827,홈플러스영등포점,서울 영등포구 영신로 83,"(37.5313264, 126.9050554)"
828,영등포역남부점,서울 영등포구 영신로19길 23,"(37.5141752, 126.9065258)"
829,타임스퀘어신세계점,서울 영등포구 영중로 15,"(37.5186326, 126.9055154)"
830,타임스퀘어아트리움점,서울 영등포구 영중로 15,"(0.0, 0.0)"
831,국회의사당역점,서울 영등포구 의사당대로 26,"(37.5242788, 126.9219406)"
832,동여의도점,서울 영등포구 의사당대로1길 25,"(37.5192603, 126.929021)"
833,서울타워점,서울 용산구 남산공원길 105,"(37.5512474, 126.9882642)"
834,순천향입구점,서울 용산구 대사관로 71,"(37.5332047, 127.0069092)"
835,한남오거리점,서울 용산구 독서당로 65-1,"(37.5311476, 127.0077012)"
836,용산리첸시아점,서울 용산구 백범로 341,"(0.0, 0.0)"
837,동부이촌점,서울 용산구 이촌로75길 16,"(0.0, 0.0)"
838,이태원입구점,서울 용산구 이태원로 145,"(37.5345898, 126.9899077)"
839,이태원,타운 서울 용산구 이태원로,"(0.0, 0.0)"
840,숙대점,서울 용산구 청파로45길 19,"(0.0, 0.0)"
841,숙대입구역점,서울 용산구 한강대로 285,"(37.5447751, 126.9719446)"
842,트윈시티점,서울 용산구 한강대로 366,"(37.5447751, 126.9719446)"
843,신용산역점,서울 용산구 한강대로 95,"(0.0, 0.0)"
844,용산아이파크몰점,서울 용산구 한강대로23길 55,"(0.0, 0.0)"
845,NC불광점,서울 은평구 불광로 20,"(37.61921, 126.93248)"
846,구산역점,서울 은평구 서오릉로 137,"(37.6111867, 126.9173589)"
847,연신내로데오점,서울 은평구 연서로 221,"(37.6411462, 126.9377275)"
848,은평구청점,서울 은평구 은평로 194,"(37.599088, 126.9159238)"
849,응암점,서울 은평구 은평로 97,"(0.0, 0.0)"
850,응암오거리점,서울 은평구 응암로 180,"(37.6010222, 126.9224129)"
851,응암역점,서울 은평구 증산로 475,"(37.5986384, 126.9154135)"
852,구파발역점,서울 은평구 진관2로 12,"(37.634362, 126.9184124)"
853,구파발점,서울 은평구 진관3로 11,"(0.0, 0.0)"
854,불광역점,서울 은평구 통일로 736,"(37.6410264, 126.9159825)"
855,연신내범서점,서울 은평구 통일로 842,"(37.61866835, 126.9220314)"
856,연신내점,서울 은평구 통일로 857,"(37.6410264, 126.9159825)"
857,혜화역점,서울 종로구 대학로 122,"(0.0, 0.0)"
858,대학로중앙점,서울 종로구 대학로 144,"(37.5709762, 127.0019432)"
859,홍대대학로점,서울 종로구 대학로 57,"(0.0, 0.0)"
860,세종로점,서울 종로구 세종대로 161,"(37.5731253, 126.9772581)"
861,독립문점,서울 종로구 송월길 99,"(0.0, 0.0)"
862,안국점,서울 종로구 율곡로 45,"(37.5762657, 126.9843372)"
863,종로YBM점,서울 종로구 종로 104,"(37.5710156, 127.005044)"
864,종로1가점,서울 종로구 종로 19,"(0.0, 0.0)"
865,종각점,서울 종로구 종로 61,"(37.568934, 126.9838969)"
866,종로2가점,서울 종로구 종로12길 21,"(0.0, 0.0)"
867,동묘앞역점,서울 종로구 지봉로 37-1,"(37.5795738, 127.0152701)"
868,종로평창점,서울 종로구 평창11길 8,"(37.6066841, 126.9662537)"
869,소공점,서울 중구 남대문로7길 16,"(0.0, 0.0)"
870,청구역점,서울 중구 다산로 168,"(0.0, 0.0)"
871,신당역점,서울 중구 다산로 258,"(37.5507793, 127.0076435)"
872,약수역점,서울 중구 189,"(37.5636559, 126.9975097)"
873,제일제당센터점,서울 중구 330 지하,"(37.5609592, 126.977789)"
874,만리동점,서울 중구 만리동2가 231-41,"(0.0, 0.0)"
875,을지로입구역점,서울 중구 명동3길 36,"(37.56531255, 126.9837007)"
876,명동중앙점,서울 중구 명동길 26,"(0.0, 0.0)"
877,명동플래그십,서울 중구 명동길 53,"(37.5641193, 126.9851661)"
878,정동점,서울 중구 새문안로 26,"(37.567575, 126.968499)"
879,시청역점,서울 중구 세종대로16길 1,"(37.5635294, 126.9770854)"
880,대한통운본사점,서울 중구 세종대로9길 53,"(37.5612806, 126.9735211)"
881,씨제이남산더센터점,서울 중구 소월로2길 12,"(0.0, 0.0)"
882,동대문역사문화공원역점,서울 중구 장충단로 251,"(37.5549686, 127.0035361)"
883,두타점,서울 중구 장충단로 275,"(0.0, 0.0)"
884,명동대로점,서울 중구 퇴계로 120,"(37.5596957, 126.9809292)"
885,명동역점,서울 중구 퇴계로 127,"(37.5596957, 126.9809292)"
886,충무로역점,서울 중구 퇴계로 222,"(0.0, 0.0)"
887,서울스퀘어점,서울 중구 한강대로 416,"(37.55547125, 126.9737278)"
888,중화역점,서울 중랑구 동일로 802,"(37.5986537, 127.0798699)"
889,상봉역점,서울 중랑구 망우로 302-1,"(37.5962942, 127.086155)"
890,중랑점,서울 중랑구 망우로32길 6,"(37.59356325, 127.0763382)"
891,사가정역점,서울 중랑구 면목로 310,"(0.0, 0.0)"
892,상봉듀오트리스점,서울 중랑구 상봉로 131,"(37.5981526, 127.0926979)"
893,홈플러스신내점,서울 중랑구 신내로 201,"(37.61598855, 127.0936005)"
894,신내점,서울 중랑구 신내로 72,"(37.6000642, 127.0970247)"
895,세종대평점,"세종특별자치시 대평로 71 110,","(36.4697954, 127.2822291)"
896,세종몰리브점,세종특별자치시 도움1로 108 몰리브상가,"(0.0, 0.0)"
897,세종아름점,세종특별자치시 보듬3로 100 해피라움,"(0.0, 0.0)"
898,세종새롬점,세종특별자치시 새롬중앙로 63,"(36.48654475, 127.2502115)"
899,홈플러스세종점,세종특별자치시 절재로 154,"(36.50736905, 127.2588282)"
900,조치원점,세종특별자치시 조치원읍 조치원로 5,"(36.6024096, 127.3022768)"
901,세종소담점,세종특별자치시 한누리대로 2022 세종아이콤,"(0.0, 0.0)"
902,AK세종점,세종특별자치시 한누리대로 411,"(36.50114005, 127.2588264)"
903,세종도담점,세종특별자치시 한누리대로 583,"(36.4880455, 127.3019606)"
904,인천강화점,인천 강화군 강화읍 강화대로,"(37.73621, 126.5188228)"
905,계산삼거리점,인천 계양구 경명대로 1048,"(37.5429301, 126.7362527)"
906,계산역점,인천 계양구 경명대로 1077,"(37.5429301, 126.7362527)"
907,계양구청점,인천 계양구 계산새로 93,"(37.5374438, 126.7286998)"
908,홈플러스작전점,인천 계양구 계양대로 27,"(37.5239633, 126.7221524)"
909,작전점,인천 계양구 계양대로 65,"(37.5239633, 126.7221524)"
910,계양점,인천 계양구 오조산로 3,"(37.5305242, 126.7381567)"
911,롯데마트계양점,인천 계양구 장제로 822,"(37.558705, 126.7456528)"
912,임학역점,인천 계양구 장제로 867,"(37.558705, 126.7456528)"
913,홈플러스간석점,인천 남동구 경원대로 971,"(37.4659143, 126.6900448)"
914,인천길병원점,인천 남동구 구월남로 174,"(37.4529046, 126.709851)"
915,인천모래내점,인천 남동구 구월로 274,"(37.456638, 126.7117892)"
916,인천논현역점,인천 남동구 논고개로 117,"(37.416058, 126.7271037)"
917,인천라피에스타점,인천 남동구 논고개로 61,"(37.416058, 126.7271037)"
918,만수향촌점,인천 남동구 만수서로 62,"(37.4616623, 126.7314762)"
919,인천서창점,인천 남동구 서창남로 51,"(37.4258703, 126.748741)"
920,간석역점,인천 남동구 석산로 17,"(37.4613135, 126.6973432)"
921,구월타운,인천 남동구 예술로 126,"(37.4521945, 126.7014598)"
922,인천구월로데오점,인천 남동구 인하로 497-8,"(37.4429377, 126.714789)"
923,구월아시아드점,인천 남동구 인하로 556,"(37.4430677, 126.7046237)"
924,인천만수점,인천 남동구 장승남로 48,"(37.4432155, 126.7376925)"
925,홈플러스인천논현점,인천 남동구 청능대로 596,"(37.4009901, 126.7235759)"
926,홈플러스인하점,인천 미추홀구 소성로 6,"(37.4482704, 126.6505383)"
927,인천앨리웨이점,인천 미추홀구 숙골로87번길 5,"(0.0, 0.0)"
928,주안역점,인천 미추홀구 염창로 58,"(0.0, 0.0)"
929,인하대점,인천 미추홀구 인하로 81,"(37.4484637, 126.6735005)"
930,2001아울렛부평점,인천 부평구 경원대로 1277,"(37.4910286, 126.7293174)"
931,부평북부점,인천 부평구 경원대로 1401,"(37.4910286, 126.7293174)"
932,부평역남부점,인천 부평구 경인로 947,"(37.4875453, 126.7232588)"
933,부평역점,인천 부평구 광장로 16,"(0.0, 0.0)"
934,롯데마트삼산점,인천 부평구 길주로 623,"(0.0, 0.0)"
935,동암역점,인천 부평구 동암광장로4번길 3,"(0.0, 0.0)"
936,롯데마트부평점,인천 부평구 마장로 296,"(37.4862777, 126.7078111)"
937,부평아이즈빌점,인천 부평구 마장로 489,"(0.0, 0.0)"
938,부평대로점,인천 부평구 부평대로 15,"(0.0, 0.0)"
939,부평점,인천 부평구 부평대로20번길 17-1,"(37.493151, 126.7237541)"
940,부평삼산점,인천 부평구 체육관로 14,"(0.0, 0.0)"
941,인천석남점,인천 서구 가정로 201-1,"(37.5029314, 126.671848)"
942,인천신현점,인천 서구 가정로 370,"(37.5177954, 126.6731912)"
943,검단사거리점,인천 서구 검단로 480,"(37.6018014, 126.6576142)"
944,인천불로동점,인천 서구 검단로 747,"(37.6105475, 126.6740836)"
945,인천검암점,인천 서구 승학로 491,"(37.5654868, 126.6740331)"
946,검단신도시점,인천 서구 완정로 14,"(37.6044597, 126.647997)"
947,인천원당점,인천 서구 원당대로 854,"(37.5895714, 126.6486084)"
948,인천가좌점,인천 서구 원적로 103,"(37.4956553, 126.6826973)"
949,홈플러스인천청라점,인천 서구 중봉대로 587,"(37.5323805, 126.6487292)"
950,인천청라점,인천 서구 중봉대로586번길 22,"(37.5308937, 126.6515852)"
951,청라타워돔점,인천 서구 중봉대로612번길 10-17,"(37.5339127, 126.6520586)"
952,청라스퀘어세븐점,인천 서구 청라루비로 76,"(0.0, 0.0)"
953,청라커낼에비뉴점,인천 서구 청라에메랄드로 79,"(0.0, 0.0)"
954,인천서구청점,인천 서구 탁옥로 57,"(37.5438931, 126.6752828)"
955,연수구청점,인천 연수구 먼우금로 190,"(37.4228183, 126.6825676)"
956,송도센트럴파크점,인천 연수구 센트럴로 160,"(37.392911, 126.6420625)"
957,송도트리플스트리트점,인천 연수구 송도과학로16번길 33-2,"(0.0, 0.0)"
958,송도글로벌점,인천 연수구 송도과학로16번길 33-4,"(0.0, 0.0)"
959,현대프리미엄아울렛송도점,인천 연수구 송도국제대로 123,"(37.3816513, 126.6573191)"
960,홈플러스송도점,인천 연수구 송도국제대로 165,"(37.3801683, 126.6564125)"
961,인천연수점,인천 연수구 앵고개로 250,"(37.4086938, 126.6469875)"
962,인천스퀘어원점,인천 연수구 청능대로 210,"(37.4177611, 126.6697834)"
963,송도점,인천 연수구 해돋이로120번길 23,"(0.0, 0.0)"
964,인천신포점,인천 중구 개항로 32-1,"(37.4719623, 126.6323022)"
965,인천공항제1여객터미널점,인천 중구 공항로 272,"(37.4634593, 126.4417093)"
966,운서역점,인천 중구 신도시남로142번길 6,"(0.0, 0.0)"
967,인천공항제2여객터미널점,인천 중구 운서동 2868,"(37.48447, 126.48626)"
968,영종하늘도시점,인천 중구 하늘별빛로65번길 11,"(37.4894651, 126.5624215)"
969,광양중마점,전남 광양시 공영로 67,"(34.9358178, 127.6981205)"
970,광양LF스퀘어점,전남 광양시 광양읍 순광로,"(34.9618735, 127.5653908)"
971,몰오브광양점,전남 광양시 26,"(34.9355581, 127.7231614)"
972,홈플러스광양점,전남 광양시 항만11로 70,"(34.9283213, 127.6940807)"
973,나주터미널점,전남 나주시 나주로 187,"(35.0237196, 126.7159384)"
974,나주혁신도시점,전남 나주시 빛가람로 676,"(0.0, 0.0)"
975,나주빛가람점,전남 나주시 빛가람로 727,"(35.02162655, 126.7913376)"
976,목포하당점,전남 목포시 비파로51번길 13,"(0.0, 0.0)"
977,목포터미널점,전남 목포시 영산로 525,"(34.81255675, 126.4177895)"
978,목포역점,전남 목포시 영산로75번길 21,"(34.7908532, 126.3842112)"
979,목포옥암점,전남 목포시 옥암로 95,"(34.8045892, 126.4285953)"
980,목포북항점,전남 목포시 원산중앙로 7,"(34.807246, 126.3741001)"
981,목포평화광장점,전남 목포시 원형로 34,"(34.79843406, 126.4325381)"
982,목포용해점,전남 목포시 포미로 11,"(34.81701938, 126.3975667)"
983,남악신도시점,전남 무안군 삼향읍 남악3로,"(34.8125942, 126.459802)"
984,남악전남도청점,전남 무안군 삼향읍 남악3로82번길,"(34.81275209, 126.4617191)"
985,홈플러스순천점,전남 순천시 신월큰길 10,"(34.9607463, 127.5163495)"
986,순천연향점,전남 순천시 연향번영길 141,"(34.9468196, 127.5179002)"
987,순천오천지구점,전남 순천시 오천6길 20,"(34.93360316, 127.4944775)"
988,순천호수공원점,전남 순천시 왕지2길 25-4,"(34.96780602, 127.5222724)"
989,순천조례중앙점,전남 순천시 이수로 321,"(34.9533683, 127.5179215)"
990,홈플러스순천풍덕점,전남 순천시 팔마로 222,"(34.945685, 127.5019589)"
991,순천신대지구점,전남 순천시 해룡면 향매로,"(34.93397642, 127.5481351)"
992,순천중앙점,전남 순천시 황금1길 16,"(34.95467779, 127.484773)"
993,여수여천점,전남 여수시 망마로 47,"(34.7591213, 127.6682841)"
994,여수웅천점,전남 여수시 신월로 96,"(34.7559134, 127.6747913)"
995,여수여서점,전남 여수시 여서1로 75,"(34.7540526, 127.7088856)"
996,여수웅천마리나점,전남 여수시 예울마루로 35-14,"(34.74923595, 127.6654659)"
997,여수해양공원점,전남 여수시 이순신광장로 173-3,"(34.7389904, 127.74461)"
998,여수교동점,전남 여수시 진남상가길 45-1,"(34.7415255, 127.7348939)"
999,전남영광점,전남 영광군 영광읍 중앙로,"(35.282057, 126.5132236)"
1000,전남해남점,전남 해남군 해남읍 중앙1로,"(34.5746101, 126.5910415)"
1001,화순점,전남 화순군 화순읍 중앙로,"(35.0603695, 126.9946368)"
1002,군산조촌점,전북 군산시 궁포1로 24-9,"(35.97620803, 126.7403505)"
1003,군산나운점,전북 군산시 나운2길 38,"(35.96467571, 126.7035782)"
1004,군산신송사거리점,전북 군산시 수송로 192,"(35.964085, 126.7228397)"
1005,군산수송점,전북 군산시 월명로 248,"(35.9809314, 126.7140367)"
1006,군산대점,전북 군산시 황룡로 12,"(35.94541676, 126.6867204)"
1007,전북김제점,전북 김제시 동서로 240,"(35.7913467, 126.8762675)"
1008,남원하정점,전북 남원시 남문로 447,"(35.4037853, 127.3426093)"
1009,남원도통점,전북 남원시 용성로 232,"(35.41784642, 127.3971189)"
1010,전북부안점,전북 부안군 부안읍 번영로,"(35.7264052, 126.7365175)"
1011,전북완주점,전북 완주군 봉동읍 완주산단9로,"(35.9617369, 127.1168023)"
1012,익산고현로점,전북 익산시 고현로 91,"(35.94528911, 126.9431445)"
1013,원광대점,전북 익산시 동서로19길 84,"(35.96142783, 126.9581382)"
1014,익산영등점,전북 익산시 무왕로 1072-1,"(35.930644, 126.9182595)"
1015,익산모현점,전북 익산시 선화로3길 31-11,"(35.94773653, 126.95264)"
1016,전주터미널점,전북 전주시 덕진구 가리내로,"(35.8337964, 127.1344231)"
1017,전주인후점,전북 전주시 덕진구 건산로,"(35.8364087, 127.169322)"
1018,전주혁신도시점,전북 전주시 덕진구 기지로,"(35.83882525, 127.0591821)"
1019,전북대점,전북 전주시 덕진구 명륜4길,"(35.8429639, 127.1266253)"
1020,전주에코시티점,전북 전주시 덕진구 세병로,"(35.8736124, 127.1280392)"
1021,전주송천점,전북 전주시 덕진구 솔내로,"(35.8656486, 127.127185)"
1022,전주안골사거리점,전북 전주시 덕진구 안덕원로,"(35.8396121, 127.1679939)"
1023,전주서신동점,전북 전주시 완산구 당산로,"(35.8321721, 127.1191616)"
1024,전주서부효자점,전북 전주시 완산구 바우배기2길,"(35.81697956, 127.1028853)"
1025,전주대점,전북 전주시 완산구 백마산길,"(35.8181753, 127.0860735)"
1026,전주중화산점,전북 전주시 완산구 백제대로,"(35.823227, 127.1228863)"
1027,전주서신점,전북 전주시 완산구 서신로,"(35.8312346, 127.1157691)"
1028,전주평화점,전북 전주시 완산구 소대배기로,"(35.7872126, 127.1316616)"
1029,전주삼천점,전북 전주시 완산구 용리로,"(35.79853085, 127.1149927)"
1030,홈플러스전주효자점,전북 전주시 완산구 용머리로,"(35.8076031, 127.1320827)"
1031,전주타운,전북 전주시 완산구 전주객사5길,"(35.8214521, 127.1445492)"
1032,전주엔씨웨이브점,전북 전주시 완산구 전주객사5길,"(35.81971508, 127.1451835)"
1033,전주서부센터점,전북 전주시 완산구 홍산남로,"(35.81563602, 127.1070951)"
1034,전주서부신시가지점,전북 전주시 완산구 홍산중앙로,"(35.81727404, 127.1088969)"
1035,정읍수성점,전북 정읍시 중앙로 129,"(35.56666171, 126.8528167)"
1036,정읍상동점,전북 정읍시 충정로 58,"(35.58279, 126.8307249)"
1037,서귀포강정지구점,제주특별자치도 서귀포시 대청로 37,"(33.25269908, 126.5037717)"
1038,서귀포광장점,제주특별자치도 서귀포시 일주동로 8666,"(33.2542384, 126.5628684)"
1039,제주중문점,제주특별자치도 서귀포시 중문관광로110번길 32,"(33.2510431, 126.4128487)"
1040,제주서귀포점,제주특별자치도 서귀포시 중정로61번길 4,"(33.248136, 126.5632215)"
1041,제주노형점,제주특별자치도 제주시 1100로 3308,"(33.3891231, 126.4877217)"
1042,제주삼화점,제주특별자치도 제주시 건주로 37,"(33.5150026, 126.5807043)"
1043,제주일도이동점,제주특별자치도 제주시 고마로 81,"(33.5128868, 126.5376272)"
1044,제주국제공항점,제주특별자치도 제주시 공항로 2,"(33.50707105, 126.4916441)"
1045,제주동문시장점,제주특별자치도 제주시 관덕로 62-1,"(33.5128197, 126.5199591)"
1046,제주타운,타운 제주특별자치도 제주시 광양11길,"(33.49896217, 126.5306814)"
1047,제주세화점,제주특별자치도 제주시 구좌읍 일주동로,"(33.5378988, 126.8281856)"
1048,제주한라병원점,제주특별자치도 제주시 도령로 73,"(33.49009265, 126.4859947)"
1049,제주이도점,제주특별자치도 제주시 승천로 75,"(33.4959426, 126.5393652)"
1050,제주연동점,제주특별자치도 제주시 신광로 21,"(33.4878691, 126.4900514)"
1051,제주하귀점,제주특별자치도 제주시 애월읍 하귀로,"(33.48408246, 126.4086651)"
1052,제주아라일동점,제주특별자치도 제주시 연북로 527,"(33.4860914, 126.5380038)"
1053,제주외도점,제주특별자치도 제주시 우정로 79,"(33.4887317, 126.430902)"
1054,제주월랑로점,제주특별자치도 제주시 월랑로 43,"(33.489489, 126.4753875)"
1055,제주함덕점,제주특별자치도 제주시 조천읍 조함해안로,"(33.54244712, 126.6687684)"
1056,제주대학병원점,제주특별자치도 제주시 중앙로 616,"(33.4761387, 126.5445478)"
1057,제주중앙지하상가점,제주특별자치도 제주시 중앙로 지하,"(33.51277538, 126.5245105)"
1058,제주탑동점,제주특별자치도 제주시 탑동로 15-1,"(33.5155958, 126.5165181)"
1059,제주한라대점,제주특별자치도 제주시 한라대학로 37,"(33.4791651, 126.4740418)"
1060,충남계룡점,충남 계룡시 엄사면 번영로,"(36.28842815, 127.2429984)"
1061,공주대점,충남 공주시 공주대학로 77-1,"(36.4694623, 127.1378036)"
1062,공주중동점,충남 공주시 웅진로 174,"(36.4705102, 127.1275575)"
1063,논산내동점,충남 논산시 시민로 159,"(36.1763652, 127.1027192)"
1064,논산반월점,충남 논산시 중앙로480번길 8,"(36.206299, 127.0886137)"
1065,당진점,충남 당진시 당진중앙2로 123,"(36.89464925, 126.6314131)"
1066,당진시곡점,충남 당진시 서해로 6275,"(36.90280073, 126.6831377)"
1067,당진문예의전당점,충남 당진시 시청1로 73,"(36.891014, 126.6430904)"
1068,보령동대점,충남 보령시 작은오랏3길 6,"(36.3453994, 126.6046757)"
1069,충남부여점,충남 부여군 부여읍 사비로,"(36.2740908, 126.910467)"
1070,서산석남점,충남 서산시 남부순환로 1020,"(36.7698617, 126.4523049)"
1071,서산터미널점,충남 서산시 안견로 184-20,"(36.7781454, 126.4430164)"
1072,서산호수공원점,충남 서산시 30,"(36.9141548, 126.5206111)"
1073,아산테크노밸리점,충남 아산시 둔포면 아산밸리중앙로,"(36.92330545, 127.0533434)"
1074,아산배방점,충남 아산시 배방읍 배방로,"(36.7711343, 127.077983)"
1075,아산터미널점,충남 아산시 번영로 216,"(36.7842826, 127.0144795)"
1076,아산용화점,충남 아산시 용화로47번길 3-1,"(36.7751659, 127.0081836)"
1077,아산점,충남 아산시 충무로 5,"(36.9184347, 127.0347151)"
1078,아산삼성1캠퍼스점,충남 아산시 탕정면 삼성로,"(36.8056768, 127.0605431)"
1079,아산삼성2캠퍼스점,충남 아산시 탕정면 탕정로,"(36.8016955, 127.046844)"
1080,아산지중해마을점,충남 아산시 탕정면 탕정면로8번길,"(36.7967213, 127.0596361)"
1081,충남예산점,충남 예산군 예산읍 역전로,"(36.6832933, 126.8292447)"
1082,천안야우리점,충남 천안시 동남구 만남로,"(36.8197639, 127.1580052)"
1083,천안타운,충남 천안시 동남구 만남로,"(36.8197639, 127.1580052)"
1084,천안터미널점,충남 천안시 동남구 만남로,"(36.8197639, 127.1580052)"
1085,홈플러스천안신방점,충남 천안시 동남구 신촌1길,"(36.7867427, 127.1198557)"
1086,천안청수점,충남 천안시 동남구 청수4로,"(36.78327165, 127.1528711)"
1087,천안모다아울렛점,충남 천안시 서북구 공원로,"(36.7985701, 127.101104)"
1088,천안두정중앙점,충남 천안시 서북구 두정로,"(36.8338009, 127.1337575)"
1089,천안두정대림점,충남 천안시 서북구 두정로,"(36.8338009, 127.1337575)"
1090,천안두정역점,충남 천안시 서북구 두정역서3길,"(36.8330657, 127.1480461)"
1091,천안쌍용광명점,충남 천안시 서북구 미라8길,"(36.8030461, 127.12983)"
1092,천안불당카페거리점,충남 천안시 서북구 불당15길,"(36.7994031, 127.1072142)"
1093,천안불당파크점,충남 천안시 서북구 불당23로,"(36.8176144, 127.1088025)"
1094,천안신불당점,충남 천안시 서북구 불당26로,"(36.8231374, 127.1083836)"
1095,천안불당동점,충남 천안시 서북구 불당32길,"(36.80829957, 127.1052909)"
1096,천안성정점,충남 천안시 서북구 성정공원5로,"(36.827839, 127.1411913)"
1097,천안나사렛점,충남 천안시 서북구 월봉로,"(36.8032529, 127.1189653)"
1098,천안직산점,충남 천안시 서북구 직산읍,"(36.8766941, 127.1467458)"
1099,천안쌍용점,충남 천안시 서북구 차돌들길,"(36.79653948, 127.1284321)"
1100,천안백석점,충남 천안시 서북구 한들3로,"(36.8265, 127.1238692)"
1101,충남태안점,충남 태안군 태안읍 동백로,"(36.7458737, 126.3124013)"
1102,홍성내포점,충남 홍성군 홍북읍 청사로48번길,"(36.64804008, 126.6758319)"
1103,홍성점,충남 홍성군 홍성읍 조양로144번길,"(36.6009687, 126.665529)"
1104,홍성터미널점,충남 홍성군 홍성읍 조양로247번길,"(36.6005922, 126.6769456)"
1105,충북영동점,충북 영동군 영동읍 영산로,"(36.1796822, 127.774129)"
1106,옥천점,충북 옥천군 옥천읍 삼금로,"(36.3029315, 127.5688672)"
1107,음성금왕점,충북 음성군 금왕읍 무극로278번길,"(36.9912857, 127.5931004)"
1108,충북혁신도시점,충북 음성군 맹동면 원중로,"(36.89856, 127.55622)"
1109,제천하소점,충북 제천시 용두대로15길 4,"(37.1398385, 128.1973299)"
1110,제천점,충북 제천시 풍양로13길 6,"(37.13773568, 128.2111437)"
1111,증평점,충북 증평군 증평읍 중앙로,"(36.786526, 127.5843451)"
1112,충북진천점,충북 진천군 진천읍 상산로,"(36.8546309, 127.4429088)"
1113,블로썸캠퍼스진천점,충북 진천군 진천읍 씨제이로,"(36.87830089, 127.4613002)"
1114,청주나보나스퀘어점,충북 청주시 상당구 상당로,"(36.6421613, 127.4897771)"
1115,청주타운,충북 청주시 상당구 상당로81번길,"(36.6355167, 127.4879857)"
1116,청주용암점,충북 청주시 상당구 월평로,"(36.6118806, 127.4985837)"
1117,청주금천점,충북 청주시 상당구 중고개로,"(36.6164763, 127.5187406)"
1118,청주분평점,충북 청주시 서원구 1순환로1107번길,"(36.6076281, 127.4895885)"
1119,충북대점,충북 청주시 서원구 1순환로672번길,"(36.6331569, 127.4581389)"
1120,청주사창사거리점,충북 청주시 서원구 사직대로,"(36.6354703, 127.4756543)"
1121,청주산남점,충북 청주시 서원구 산남로,"(36.6110547, 127.4655203)"
1122,청주오창산단점,충북 청주시 청원구 오창읍,"(36.730459, 127.4480192)"
1123,홈플러스오창점,충북 청주시 청원구 오창읍,"(36.7119838, 127.4279616)"
1124,오창점,충북 청주시 청원구 오창읍,"(36.7143985, 127.4318961)"
1125,청주대점,충북 청주시 청원구 직지대로,"(36.6489695, 127.4847339)"
1126,청주율량점,충북 청주시 청원구 충청대로,"(36.6593219, 127.4908996)"
1127,청주지웰점,충북 청주시 흥덕구 대농로,"(36.6418753, 127.4293046)"
1128,청주신봉네거리점,충북 청주시 흥덕구 사운로,"(36.6570286, 127.4683767)"
1129,홈플러스청주점,충북 청주시 흥덕구 서부로,"(36.6069843, 127.4152204)"
1130,청주가경점,충북 청주시 흥덕구 서부로,"(36.6069843, 127.4152204)"
1131,청주오송점,충북 청주시 흥덕구 오송읍,"(36.63037215, 127.3302371)"
1132,청주하복대점,충북 청주시 흥덕구 짐대로,"(36.6330766, 127.4276335)"
1133,청주터미널중앙점,충북 청주시 흥덕구 풍산로,"(36.6287085, 127.4400572)"
1134,충주연수점,충북 충주시 계명대로 231,"(36.9824858, 127.9399638)"
1135,충주터미널점,충북 충주시 봉계1길 54,"(36.98121485, 127.9156214)"
1136,충주점,충북 충주시 성서3길 15,"(36.9709932, 127.9316752)"
1137,서충주점,충북 충주시 중앙탑면 기업도시로,"(37.0207064, 127.8257587)"
1138,충주호암점,충북 충주시 형설로 48,"(36.95803327, 127.940729)"
